timestamp_ns,price,bid,ask,size,symbol
1700000000000000000,449.9559,449.9334,449.9784,478,SPY
1700000000001014462,449.9233,449.9008,449.9458,283,SPY
1700000000002040872,450.0209,449.9984,450.0434,315,SPY
1700000000002437061,449.8909,449.8684,449.9134,415,SPY
1700000000003700611,450.0637,450.0412,450.0862,296,SPY
1700000000003994937,450.1136,450.0911,450.1361,365,SPY
1700000000004643408,450.0168,449.9943,450.0393,463,SPY
1700000000005640696,449.9267,449.9042,449.9492,468,SPY
1700000000006458870,449.8633,449.8408,449.8858,388,SPY
1700000000008148759,449.8969,449.8744,449.9194,290,SPY
1700000000009434573,449.9116,449.8891,449.9341,310,SPY
1700000000010191890,449.9500,449.9275,449.9725,317,SPY
1700000000011874346,450.1442,450.1216,450.1667,195,SPY
1700000000012588034,450.0078,449.9853,450.0303,335,SPY
1700000000013250180,449.9997,449.9772,450.0222,368,SPY
1700000000013908609,449.9556,449.9331,449.9781,20,SPY
1700000000014013988,449.9811,449.9586,450.0036,300,SPY
1700000000014268983,449.9103,449.8878,449.9328,316,SPY
1700000000014503119,449.9727,449.9502,449.9952,202,SPY
1700000000015223542,449.8564,449.8339,449.8789,47,SPY
1700000000016685969,450.0200,449.9975,450.0425,378,SPY
1700000000017669843,449.9365,449.9140,449.9590,167,SPY
1700000000019388550,449.8629,449.8404,449.8854,467,SPY
1700000000019947957,449.9235,449.9010,449.9460,30,SPY
1700000000021943464,449.9115,449.8890,449.9340,181,SPY
1700000000022813872,449.9273,449.9048,449.9498,368,SPY
1700000000023952117,449.8536,449.8311,449.8761,382,SPY
1700000000024412286,449.7667,449.7442,449.7892,193,SPY
1700000000025404096,449.7098,449.6873,449.7323,478,SPY
1700000000026888356,449.7855,449.7630,449.8080,214,SPY
1700000000027112875,449.9060,449.8835,449.9285,197,SPY
1700000000028639740,450.0276,450.0051,450.0501,345,SPY
1700000000029443942,450.0095,449.9870,450.0320,295,SPY
1700000000030252919,450.0045,449.9820,450.0270,436,SPY
1700000000030687774,449.9788,449.9563,450.0013,263,SPY
1700000000031911038,450.0779,450.0554,450.1004,149,SPY
1700000000033273952,449.9854,449.9629,450.0079,86,SPY
1700000000034050226,450.0099,449.9874,450.0324,57,SPY
1700000000035164016,450.1260,450.1035,450.1486,258,SPY
1700000000035957179,450.1981,450.1756,450.2206,107,SPY
1700000000037858224,450.1395,450.1170,450.1620,339,SPY
1700000000039109738,450.1647,450.1422,450.1872,340,SPY
1700000000039432665,450.1443,450.1218,450.1668,6,SPY
1700000000040193205,450.2105,450.1880,450.2330,406,SPY
1700000000041568621,450.1658,450.1433,450.1883,264,SPY
1700000000041857549,450.1784,450.1559,450.2009,430,SPY
1700000000042696524,450.0782,450.0557,450.1008,64,SPY
1700000000043904813,449.9721,449.9496,449.9946,268,SPY
1700000000045883655,450.0211,449.9986,450.0436,378,SPY
1700000000047646579,450.0145,449.9920,450.0370,334,SPY
1700000000047882470,450.0259,450.0034,450.0484,241,SPY
1700000000049719334,450.1054,450.0829,450.1279,227,SPY
1700000000051308305,450.0444,450.0219,450.0669,441,SPY
1700000000052310697,450.0007,449.9782,450.0232,19,SPY
1700000000053583003,450.0056,449.9831,450.0281,164,SPY
1700000000055320973,449.9284,449.9059,449.9509,335,SPY
1700000000056436854,449.9460,449.9235,449.9685,269,SPY
1700000000056818498,449.9387,449.9162,449.9612,72,SPY
1700000000057194248,450.0195,449.9970,450.0420,126,SPY
1700000000058989449,450.2226,450.2001,450.2451,100,SPY
1700000000060951937,450.4067,450.3842,450.4292,131,SPY
1700000000061599790,450.4607,450.4382,450.4832,140,SPY
1700000000062680299,450.4673,450.4448,450.4899,13,SPY
1700000000064503338,450.5030,450.4805,450.5255,239,SPY
1700000000066113345,450.4336,450.4111,450.4561,491,SPY
1700000000067457396,450.5779,450.5554,450.6004,283,SPY
1700000000069389184,450.6134,450.5908,450.6359,149,SPY
1700000000071194785,450.6730,450.6505,450.6955,252,SPY
1700000000073179851,450.5842,450.5617,450.6067,200,SPY
1700000000074871578,450.5698,450.5473,450.5923,349,SPY
1700000000075565613,450.5467,450.5242,450.5692,372,SPY
1700000000076769355,450.5504,450.5278,450.5729,333,SPY
1700000000077437998,450.7090,450.6864,450.7315,165,SPY
1700000000079120626,450.7381,450.7156,450.7606,291,SPY
1700000000080579191,450.5591,450.5366,450.5817,412,SPY
1700000000082129905,450.8271,450.8046,450.8497,409,SPY
1700000000083570200,450.6594,450.6368,450.6819,166,SPY
1700000000084623681,450.6823,450.6598,450.7048,345,SPY
1700000000086527811,450.6257,450.6031,450.6482,413,SPY
1700000000086664745,450.6970,450.6745,450.7196,110,SPY
1700000000087087857,450.8042,450.7817,450.8268,392,SPY
1700000000088929299,450.7648,450.7422,450.7873,28,SPY
1700000000090859890,450.7659,450.7434,450.7885,413,SPY
1700000000091206437,450.9436,450.9211,450.9662,346,SPY
1700000000092773669,450.8636,450.8411,450.8862,481,SPY
1700000000093298593,450.7283,450.7058,450.7508,372,SPY
1700000000094833522,450.7892,450.7667,450.8118,462,SPY
1700000000095969793,450.8679,450.8453,450.8904,377,SPY
1700000000096274385,450.8353,450.8127,450.8578,161,SPY
1700000000096915928,450.7825,450.7600,450.8051,106,SPY
1700000000098720028,450.7907,450.7681,450.8132,415,SPY
1700000000100331356,450.7886,450.7661,450.8111,329,SPY
1700000000101847209,450.7031,450.6806,450.7256,111,SPY
1700000000103424928,450.7740,450.7515,450.7966,389,SPY
1700000000105223464,450.8521,450.8296,450.8747,315,SPY
1700000000106374938,450.8309,450.8084,450.8535,406,SPY
1700000000108031887,450.8622,450.8397,450.8847,456,SPY
1700000000108312803,450.8714,450.8488,450.8939,214,SPY
1700000000108758587,450.8918,450.8692,450.9143,308,SPY
1700000000109784280,450.8877,450.8651,450.9102,39,SPY
1700000000111323498,450.8510,450.8285,450.8736,412,SPY
1700000000113126669,450.8296,450.8071,450.8522,59,SPY
1700000000114378134,450.7493,450.7267,450.7718,393,SPY
1700000000115655825,450.7423,450.7198,450.7649,477,SPY
1700000000117424817,450.5872,450.5647,450.6097,286,SPY
1700000000118554833,450.4400,450.4175,450.4625,197,SPY
1700000000119959467,450.4339,450.4113,450.4564,146,SPY
1700000000120602357,450.4165,450.3940,450.4390,14,SPY
1700000000121597975,450.5495,450.5269,450.5720,146,SPY
1700000000121975704,450.5331,450.5106,450.5556,174,SPY
1700000000123732567,450.4778,450.4553,450.5003,276,SPY
1700000000124183906,450.4789,450.4564,450.5015,368,SPY
1700000000125565055,450.4037,450.3812,450.4262,324,SPY
1700000000126477573,450.5304,450.5079,450.5530,8,SPY
1700000000128076797,450.6341,450.6116,450.6566,246,SPY
1700000000129832308,450.8352,450.8126,450.8577,374,SPY
1700000000131725857,450.9114,450.8889,450.9340,446,SPY
1700000000132655579,450.9230,450.9005,450.9456,372,SPY
1700000000133071255,450.9034,450.8808,450.9259,152,SPY
1700000000133681199,451.0444,451.0218,451.0669,469,SPY
1700000000135058108,450.9517,450.9291,450.9742,251,SPY
1700000000136285446,450.7157,450.6931,450.7382,284,SPY
1700000000137858827,450.7496,450.7271,450.7721,28,SPY
1700000000139149739,450.7836,450.7611,450.8062,233,SPY
1700000000140047797,450.6007,450.5782,450.6232,281,SPY
1700000000141685754,450.4852,450.4627,450.5077,337,SPY
1700000000143654808,450.6193,450.5967,450.6418,243,SPY
1700000000145518740,450.6812,450.6587,450.7037,205,SPY
1700000000146519171,450.7323,450.7097,450.7548,480,SPY
1700000000148032858,450.7209,450.6984,450.7435,500,SPY
1700000000149983234,450.6845,450.6620,450.7071,3,SPY
1700000000151945981,450.7958,450.7733,450.8184,416,SPY
1700000000152917093,450.7758,450.7532,450.7983,427,SPY
1700000000153752277,450.7656,450.7430,450.7881,431,SPY
1700000000154863016,450.6818,450.6592,450.7043,44,SPY
1700000000156763149,450.5997,450.5771,450.6222,252,SPY
1700000000158293262,450.5574,450.5349,450.5800,282,SPY
1700000000158662269,450.5909,450.5683,450.6134,70,SPY
1700000000159523215,450.4586,450.4361,450.4811,80,SPY
1700000000161046307,450.5226,450.5001,450.5451,169,SPY
1700000000161148231,450.4637,450.4412,450.4862,291,SPY
1700000000161549982,450.3962,450.3737,450.4187,42,SPY
1700000000162793988,450.3894,450.3669,450.4119,149,SPY
1700000000164402947,450.1954,450.1729,450.2179,475,SPY
1700000000165953163,450.3023,450.2798,450.3248,255,SPY
1700000000167792417,450.3687,450.3462,450.3912,234,SPY
1700000000169002454,450.2994,450.2769,450.3219,314,SPY
1700000000170298632,450.3533,450.3307,450.3758,294,SPY
1700000000170759306,450.2845,450.2620,450.3070,329,SPY
1700000000172723234,450.3578,450.3353,450.3803,421,SPY
1700000000173816663,450.2970,450.2745,450.3195,302,SPY
1700000000174612349,450.3301,450.3076,450.3526,387,SPY
1700000000175533086,450.4014,450.3789,450.4240,406,SPY
1700000000176112435,450.4154,450.3929,450.4379,268,SPY
1700000000176488178,450.2540,450.2314,450.2765,3,SPY
1700000000177188141,450.2044,450.1819,450.2269,178,SPY
1700000000178525281,450.2613,450.2388,450.2838,71,SPY
1700000000180183460,450.1644,450.1418,450.1869,232,SPY
1700000000180564205,450.2583,450.2358,450.2808,415,SPY
1700000000182127448,450.0551,450.0326,450.0776,406,SPY
1700000000183676401,449.9816,449.9591,450.0041,477,SPY
1700000000185096494,450.1915,450.1690,450.2140,215,SPY
1700000000185698710,450.3047,450.2822,450.3272,356,SPY
1700000000186723968,450.1890,450.1665,450.2115,106,SPY
1700000000187541108,450.2067,450.1842,450.2292,73,SPY
1700000000188888708,450.1370,450.1145,450.1595,308,SPY
1700000000189109217,450.2141,450.1916,450.2366,55,SPY
1700000000189545139,450.1617,450.1392,450.1843,432,SPY
1700000000189750716,450.1240,450.1015,450.1465,75,SPY
1700000000191185432,450.1765,450.1540,450.1990,413,SPY
1700000000192522047,450.1730,450.1504,450.1955,328,SPY
1700000000193196942,450.1128,450.0903,450.1353,428,SPY
1700000000194897853,450.1996,450.1770,450.2221,449,SPY
1700000000196123364,450.2688,450.2463,450.2913,74,SPY
1700000000196627500,450.2125,450.1900,450.2350,85,SPY
1700000000198197440,450.3379,450.3154,450.3604,58,SPY
1700000000199911044,450.3768,450.3543,450.3993,483,SPY
1700000000200884305,450.4310,450.4085,450.4535,71,SPY
1700000000202110821,450.5168,450.4943,450.5393,238,SPY
1700000000203801754,450.5692,450.5467,450.5918,496,SPY
1700000000204837945,450.6050,450.5825,450.6276,429,SPY
1700000000205966087,450.7125,450.6899,450.7350,122,SPY
1700000000206719779,450.7927,450.7702,450.8153,481,SPY
1700000000208502796,450.7948,450.7723,450.8174,221,SPY
1700000000210395244,450.7624,450.7398,450.7849,292,SPY
1700000000211329425,450.7590,450.7364,450.7815,102,SPY
1700000000212067614,450.7984,450.7759,450.8210,325,SPY
1700000000214013700,450.7294,450.7069,450.7520,492,SPY
1700000000214237690,450.6320,450.6094,450.6545,499,SPY
1700000000215387116,450.5001,450.4775,450.5226,340,SPY
1700000000216430700,450.4187,450.3962,450.4412,64,SPY
1700000000218066751,450.4923,450.4698,450.5148,153,SPY
1700000000219314110,450.4228,450.4003,450.4453,373,SPY
1700000000219509040,450.4675,450.4449,450.4900,22,SPY
1700000000219816553,450.4442,450.4217,450.4667,38,SPY
1700000000220214706,450.4366,450.4141,450.4591,400,SPY
1700000000220983488,450.3832,450.3607,450.4057,37,SPY
1700000000222750923,450.4797,450.4572,450.5022,299,SPY
1700000000224400852,450.3901,450.3676,450.4126,247,SPY
1700000000225329977,450.3439,450.3214,450.3665,279,SPY
1700000000225533762,450.3814,450.3589,450.4039,420,SPY
1700000000225985264,450.4540,450.4315,450.4765,115,SPY
1700000000226662741,450.6673,450.6448,450.6898,397,SPY
1700000000227459543,450.6613,450.6387,450.6838,89,SPY
1700000000229425645,450.6380,450.6155,450.6605,297,SPY
1700000000230947691,450.6576,450.6351,450.6802,143,SPY
1700000000232683971,450.6138,450.5912,450.6363,333,SPY
1700000000233797482,450.6780,450.6555,450.7006,110,SPY
1700000000234456131,450.7179,450.6954,450.7405,372,SPY
1700000000235068690,450.7238,450.7013,450.7464,328,SPY
1700000000236636221,450.5498,450.5273,450.5724,58,SPY
1700000000237605034,450.7235,450.7010,450.7461,78,SPY
1700000000238239829,450.7386,450.7161,450.7611,386,SPY
1700000000238784782,450.7308,450.7083,450.7534,11,SPY
1700000000239186773,450.6885,450.6659,450.7110,327,SPY
1700000000240301885,450.6559,450.6334,450.6785,125,SPY
1700000000240825627,450.6591,450.6366,450.6816,322,SPY
1700000000241398785,450.6863,450.6638,450.7088,465,SPY
1700000000242284768,450.6565,450.6340,450.6791,308,SPY
1700000000243683621,450.6253,450.6028,450.6479,196,SPY
1700000000243902231,450.6115,450.5890,450.6341,253,SPY
1700000000245494407,450.6683,450.6457,450.6908,430,SPY
1700000000246972792,450.5678,450.5453,450.5903,204,SPY
1700000000248389086,450.6081,450.5855,450.6306,201,SPY
1700000000249813202,450.6945,450.6720,450.7171,49,SPY
1700000000250382202,450.6694,450.6469,450.6919,15,SPY
1700000000250568791,450.7085,450.6860,450.7310,170,SPY
1700000000250737707,450.6879,450.6654,450.7105,421,SPY
1700000000251612481,450.6925,450.6700,450.7151,391,SPY
1700000000253502325,450.6246,450.6021,450.6472,317,SPY
1700000000254739137,450.6409,450.6184,450.6635,490,SPY
1700000000256104340,450.6400,450.6174,450.6625,148,SPY
1700000000256398992,450.6137,450.5912,450.6362,117,SPY
1700000000256597375,450.6737,450.6512,450.6962,162,SPY
1700000000257705237,450.7238,450.7012,450.7463,25,SPY
1700000000259413278,450.7399,450.7174,450.7624,202,SPY
1700000000261014087,450.7338,450.7113,450.7563,211,SPY
1700000000262376243,450.7665,450.7440,450.7891,102,SPY
1700000000263484132,450.6696,450.6471,450.6921,24,SPY
1700000000264744187,450.6872,450.6647,450.7097,250,SPY
1700000000265175171,450.6324,450.6099,450.6550,77,SPY
1700000000265580160,450.6365,450.6140,450.6590,79,SPY
1700000000267078831,450.6626,450.6400,450.6851,236,SPY
1700000000267776812,450.7140,450.6914,450.7365,89,SPY
1700000000268089037,450.8403,450.8177,450.8628,176,SPY
1700000000269294313,450.9077,450.8851,450.9302,160,SPY
1700000000271004516,451.0545,451.0320,451.0771,197,SPY
1700000000271326831,450.9690,450.9464,450.9915,184,SPY
1700000000273029171,450.9005,450.8780,450.9231,105,SPY
1700000000273477632,450.9777,450.9552,451.0003,445,SPY
1700000000275181394,450.8716,450.8490,450.8941,346,SPY
1700000000277061887,450.8856,450.8630,450.9081,108,SPY
1700000000278116255,450.8639,450.8414,450.8865,12,SPY
1700000000279655517,450.9015,450.8789,450.9240,172,SPY
1700000000281084558,450.9363,450.9137,450.9588,185,SPY
1700000000281493937,450.8997,450.8771,450.9222,426,SPY
1700000000283210971,450.9391,450.9165,450.9616,359,SPY
1700000000283622756,450.8156,450.7930,450.8381,353,SPY
1700000000284403924,450.8516,450.8291,450.8742,309,SPY
1700000000285535242,450.9474,450.9248,450.9699,480,SPY
1700000000286052381,450.8055,450.7830,450.8281,328,SPY
1700000000286582614,450.6566,450.6340,450.6791,147,SPY
1700000000288118212,450.6145,450.5919,450.6370,108,SPY
1700000000289888056,450.8234,450.8008,450.8459,279,SPY
1700000000291547693,450.6804,450.6579,450.7030,262,SPY
1700000000293001696,450.6755,450.6529,450.6980,361,SPY
1700000000294577809,450.6578,450.6353,450.6803,266,SPY
1700000000294975431,450.7577,450.7352,450.7803,454,SPY
1700000000295220941,450.7632,450.7406,450.7857,259,SPY
1700000000295938647,450.6654,450.6428,450.6879,365,SPY
1700000000296351803,450.5145,450.4920,450.5371,255,SPY
1700000000298066694,450.6223,450.5997,450.6448,463,SPY
1700000000299968592,450.7688,450.7463,450.7913,149,SPY
1700000000301683677,450.7849,450.7623,450.8074,368,SPY
1700000000303669448,450.8537,450.8312,450.8763,224,SPY
1700000000305404130,450.7509,450.7283,450.7734,256,SPY
1700000000306919867,450.7540,450.7314,450.7765,213,SPY
1700000000307989006,450.6920,450.6694,450.7145,367,SPY
1700000000308475237,450.6504,450.6279,450.6730,57,SPY
1700000000308981704,450.7313,450.7087,450.7538,118,SPY
1700000000309262213,450.7032,450.6807,450.7257,198,SPY
1700000000310745854,450.5541,450.5316,450.5767,425,SPY
1700000000311309504,450.5546,450.5321,450.5772,84,SPY
1700000000312049244,450.6961,450.6736,450.7187,287,SPY
1700000000313553239,450.8439,450.8213,450.8664,30,SPY
1700000000314805861,451.0067,450.9842,451.0293,221,SPY
1700000000315892016,450.8399,450.8174,450.8625,131,SPY
1700000000317556452,450.9225,450.9000,450.9451,402,SPY
1700000000318712381,450.8929,450.8704,450.9155,245,SPY
1700000000320270537,450.7813,450.7588,450.8039,320,SPY
1700000000320944315,450.8822,450.8597,450.9048,93,SPY
1700000000321435067,450.8027,450.7801,450.8252,101,SPY
1700000000321680399,450.7001,450.6775,450.7226,232,SPY
1700000000323587190,450.5565,450.5339,450.5790,20,SPY
1700000000325511755,450.4131,450.3905,450.4356,163,SPY
1700000000327464888,450.5440,450.5214,450.5665,259,SPY
1700000000329328535,450.6667,450.6441,450.6892,431,SPY
1700000000329652726,450.5634,450.5408,450.5859,1,SPY
1700000000330538674,450.6139,450.5913,450.6364,363,SPY
1700000000331234821,450.4951,450.4725,450.5176,430,SPY
1700000000332866919,450.4656,450.4431,450.4882,57,SPY
1700000000334146753,450.3457,450.3231,450.3682,267,SPY
1700000000335674263,450.3945,450.3720,450.4170,267,SPY
1700000000337561152,450.2982,450.2757,450.3207,317,SPY
1700000000338429593,450.3100,450.2874,450.3325,138,SPY
1700000000339270627,450.2199,450.1974,450.2424,127,SPY
1700000000341000053,450.0421,450.0196,450.0646,366,SPY
1700000000342848193,450.1262,450.1037,450.1487,134,SPY
1700000000344800082,450.2906,450.2681,450.3131,104,SPY
1700000000345822804,450.2347,450.2122,450.2572,151,SPY
1700000000346484021,450.2829,450.2604,450.3054,23,SPY
1700000000347409051,450.4178,450.3953,450.4404,411,SPY
1700000000348680710,450.4446,450.4221,450.4671,347,SPY
1700000000349781644,450.5060,450.4834,450.5285,44,SPY
1700000000350375331,450.6892,450.6666,450.7117,431,SPY
1700000000351502407,450.8131,450.7905,450.8356,95,SPY
1700000000353457606,450.7539,450.7313,450.7764,35,SPY
1700000000355047490,450.7897,450.7672,450.8123,121,SPY
1700000000356478496,450.7596,450.7371,450.7822,110,SPY
1700000000357501958,450.7320,450.7095,450.7545,183,SPY
1700000000358970166,450.7846,450.7620,450.8071,81,SPY
1700000000359313557,450.7544,450.7319,450.7769,203,SPY
1700000000360895910,450.8737,450.8511,450.8962,252,SPY
1700000000362030474,450.9340,450.9115,450.9566,14,SPY
1700000000362838793,450.9561,450.9335,450.9786,262,SPY
1700000000364166612,450.9526,450.9301,450.9751,108,SPY
1700000000365599664,451.0798,451.0573,451.1024,394,SPY
1700000000367049448,450.9422,450.9197,450.9648,211,SPY
1700000000367242570,450.8741,450.8516,450.8966,484,SPY
1700000000367770938,450.8628,450.8403,450.8853,22,SPY
1700000000369374357,450.8954,450.8729,450.9179,190,SPY
1700000000369647583,450.9230,450.9004,450.9455,244,SPY
1700000000369771192,450.9535,450.9309,450.9760,404,SPY
1700000000370808056,451.1470,451.1245,451.1696,431,SPY
1700000000371643083,451.1914,451.1688,451.2139,447,SPY
1700000000373378584,451.0352,451.0126,451.0577,280,SPY
1700000000373498323,450.9506,450.9281,450.9731,36,SPY
1700000000373706182,450.8794,450.8569,450.9020,18,SPY
1700000000375434510,450.7866,450.7641,450.8092,258,SPY
1700000000376985135,450.7816,450.7590,450.8041,65,SPY
1700000000378300909,450.8171,450.7946,450.8397,119,SPY
1700000000379556963,450.9021,450.8796,450.9247,276,SPY
1700000000380085823,450.7780,450.7554,450.8005,295,SPY
1700000000381344435,450.7016,450.6791,450.7241,472,SPY
1700000000382954334,450.6258,450.6033,450.6484,227,SPY
1700000000384624295,450.7727,450.7502,450.7952,64,SPY
1700000000385913530,450.6736,450.6511,450.6961,484,SPY
1700000000386024727,450.6032,450.5807,450.6258,218,SPY
1700000000386385937,450.4534,450.4308,450.4759,433,SPY
1700000000386649884,450.5810,450.5585,450.6036,159,SPY
1700000000388359065,450.4864,450.4639,450.5089,462,SPY
1700000000390349610,450.5584,450.5359,450.5810,447,SPY
1700000000391268555,450.6798,450.6573,450.7024,361,SPY
1700000000391537578,450.5683,450.5458,450.5908,381,SPY
1700000000391993721,450.5485,450.5260,450.5711,73,SPY
1700000000393564985,450.5258,450.5033,450.5483,143,SPY
1700000000394918885,450.5824,450.5598,450.6049,307,SPY
1700000000396324370,450.6449,450.6223,450.6674,399,SPY
1700000000396753827,450.7019,450.6793,450.7244,337,SPY
1700000000396971098,450.6806,450.6581,450.7031,383,SPY
1700000000397940060,450.3659,450.3434,450.3884,170,SPY
1700000000399721553,450.5962,450.5737,450.6187,483,SPY
1700000000400222949,450.6054,450.5828,450.6279,8,SPY
1700000000400637332,450.5648,450.5423,450.5873,47,SPY
1700000000402383484,450.5283,450.5057,450.5508,337,SPY
1700000000404250147,450.5800,450.5575,450.6025,390,SPY
1700000000404540031,450.7036,450.6810,450.7261,362,SPY
1700000000406296352,450.5350,450.5125,450.5576,58,SPY
1700000000406483843,450.3955,450.3730,450.4180,11,SPY
1700000000408066570,450.3761,450.3536,450.3986,410,SPY
1700000000408608183,450.4146,450.3921,450.4371,446,SPY
1700000000409705073,450.3397,450.3172,450.3622,416,SPY
1700000000411169819,450.4381,450.4156,450.4606,163,SPY
1700000000412611926,450.5617,450.5392,450.5842,234,SPY
1700000000412756418,450.4744,450.4519,450.4969,295,SPY
1700000000412951476,450.4401,450.4176,450.4626,36,SPY
1700000000414374557,450.6454,450.6228,450.6679,477,SPY
1700000000415862040,450.5847,450.5622,450.6072,435,SPY
1700000000417554592,450.5964,450.5739,450.6189,144,SPY
1700000000418815008,450.4854,450.4629,450.5080,106,SPY
1700000000418966039,450.5013,450.4788,450.5239,236,SPY
1700000000419587470,450.3559,450.3334,450.3785,357,SPY
1700000000419779808,450.4327,450.4101,450.4552,127,SPY
1700000000421221219,450.5592,450.5366,450.5817,105,SPY
1700000000422414043,450.5793,450.5568,450.6018,484,SPY
1700000000423374516,450.6182,450.5957,450.6408,188,SPY
1700000000423765821,450.5549,450.5324,450.5774,409,SPY
1700000000425610129,450.5217,450.4992,450.5442,226,SPY
1700000000426483325,450.4500,450.4275,450.4725,393,SPY
1700000000427438380,450.5379,450.5153,450.5604,136,SPY
1700000000428670690,450.4814,450.4589,450.5039,417,SPY
1700000000430164380,450.5634,450.5409,450.5859,456,SPY
1700000000431784702,450.5952,450.5727,450.6177,477,SPY
1700000000433004736,450.4767,450.4542,450.4992,181,SPY
1700000000434578997,450.5900,450.5675,450.6125,184,SPY
1700000000434779949,450.5972,450.5747,450.6197,48,SPY
1700000000436070769,450.5511,450.5286,450.5736,8,SPY
1700000000436763175,450.5620,450.5395,450.5846,158,SPY
1700000000438157939,450.5694,450.5469,450.5919,432,SPY
1700000000438368267,450.5099,450.4874,450.5324,235,SPY
1700000000439883125,450.6136,450.5910,450.6361,452,SPY
1700000000441574564,450.6858,450.6633,450.7083,60,SPY
1700000000443243389,450.6858,450.6632,450.7083,301,SPY
1700000000445026892,450.7327,450.7102,450.7553,159,SPY
1700000000446698864,450.6310,450.6085,450.6536,110,SPY
1700000000448244440,450.4975,450.4749,450.5200,374,SPY
1700000000448345018,450.5626,450.5400,450.5851,47,SPY
1700000000449950638,450.6119,450.5894,450.6344,219,SPY
1700000000450789087,450.6049,450.5824,450.6274,474,SPY
1700000000451756973,450.7598,450.7373,450.7823,394,SPY
1700000000452231025,450.7797,450.7571,450.8022,185,SPY
1700000000453043685,450.7916,450.7691,450.8142,279,SPY
1700000000454774623,450.6716,450.6491,450.6941,460,SPY
1700000000454900694,450.7577,450.7351,450.7802,18,SPY
1700000000455276459,450.7596,450.7370,450.7821,129,SPY
1700000000457025084,450.7017,450.6792,450.7243,373,SPY
1700000000457337720,450.7250,450.7025,450.7475,408,SPY
1700000000459247195,450.6981,450.6755,450.7206,42,SPY
1700000000460838018,450.8485,450.8259,450.8710,175,SPY
1700000000461061045,450.9723,450.9498,450.9949,458,SPY
1700000000462561000,450.9205,450.8979,450.9430,384,SPY
1700000000463776967,450.7801,450.7576,450.8026,51,SPY
1700000000464005102,450.8378,450.8153,450.8604,327,SPY
1700000000464735003,450.8280,450.8055,450.8506,308,SPY
1700000000465498065,450.7511,450.7286,450.7737,22,SPY
1700000000466751638,450.9161,450.8935,450.9386,28,SPY
1700000000467809337,450.9337,450.9112,450.9563,353,SPY
1700000000468859136,451.0010,450.9785,451.0236,432,SPY
1700000000470802477,451.0102,450.9877,451.0328,115,SPY
1700000000471434999,451.0664,451.0438,451.0889,277,SPY
1700000000471839619,451.2122,451.1896,451.2348,486,SPY
1700000000473572412,451.2221,451.1995,451.2447,453,SPY
1700000000475315764,451.2907,451.2681,451.3133,133,SPY
1700000000476851390,451.1927,451.1701,451.2152,319,SPY
1700000000478614886,451.1774,451.1549,451.2000,301,SPY
1700000000479958998,451.1966,451.1740,451.2192,35,SPY
1700000000480610900,451.2115,451.1889,451.2340,211,SPY
1700000000481206738,451.2245,451.2019,451.2470,223,SPY
1700000000482831802,451.1518,451.1292,451.1743,86,SPY
1700000000483793425,451.0977,451.0751,451.1202,95,SPY
1700000000485031108,451.0429,451.0203,451.0654,242,SPY
1700000000486125719,451.1212,451.0986,451.1438,149,SPY
1700000000487447266,451.0111,450.9886,451.0337,79,SPY
1700000000487952021,451.0002,450.9776,451.0227,69,SPY
1700000000488171226,450.9598,450.9373,450.9824,290,SPY
1700000000488344840,450.8913,450.8687,450.9138,44,SPY
1700000000488903552,450.8813,450.8588,450.9039,485,SPY
1700000000490318862,450.8823,450.8597,450.9048,180,SPY
1700000000491041440,450.7875,450.7650,450.8101,7,SPY
1700000000491881714,450.7546,450.7321,450.7772,463,SPY
1700000000492597985,450.8315,450.8090,450.8541,454,SPY
1700000000493551425,450.7996,450.7771,450.8222,242,SPY
1700000000494281493,450.7527,450.7302,450.7753,273,SPY
1700000000495881466,450.7668,450.7442,450.7893,112,SPY
1700000000496897301,450.5746,450.5521,450.5972,317,SPY
1700000000497009377,450.6667,450.6442,450.6892,347,SPY
1700000000498617060,450.6859,450.6634,450.7085,482,SPY
1700000000500574186,450.6688,450.6463,450.6913,64,SPY
1700000000500853396,450.6358,450.6133,450.6584,347,SPY
1700000000502456463,450.6500,450.6274,450.6725,100,SPY
1700000000503294003,450.5862,450.5636,450.6087,285,SPY
1700000000505121637,450.4792,450.4567,450.5018,134,SPY
1700000000506980395,450.3183,450.2957,450.3408,30,SPY
1700000000507868746,450.3579,450.3353,450.3804,326,SPY
1700000000508030317,450.4327,450.4102,450.4553,167,SPY
1700000000509271033,450.4729,450.4504,450.4954,67,SPY
1700000000510053376,450.4395,450.4170,450.4620,381,SPY
1700000000511753797,450.5111,450.4886,450.5337,37,SPY
1700000000512551735,450.6287,450.6062,450.6513,386,SPY
1700000000514252538,450.6099,450.5873,450.6324,361,SPY
1700000000514703210,450.6868,450.6642,450.7093,72,SPY
1700000000515354547,450.7986,450.7761,450.8212,326,SPY
1700000000515944665,450.7016,450.6791,450.7242,442,SPY
1700000000517354841,450.7544,450.7319,450.7769,144,SPY
1700000000517706800,450.5557,450.5332,450.5783,56,SPY
1700000000519668928,450.5732,450.5506,450.5957,64,SPY
1700000000521155336,450.5017,450.4791,450.5242,305,SPY
1700000000523046362,450.6721,450.6495,450.6946,24,SPY
1700000000524576341,450.6393,450.6167,450.6618,489,SPY
1700000000524770334,450.5185,450.4960,450.5410,229,SPY
1700000000525255091,450.4822,450.4596,450.5047,482,SPY
1700000000526740158,450.5343,450.5118,450.5568,139,SPY
1700000000527387386,450.6064,450.5839,450.6289,174,SPY
1700000000527565132,450.6180,450.5955,450.6406,433,SPY
1700000000528771866,450.7885,450.7660,450.8111,13,SPY
1700000000529287991,450.8422,450.8197,450.8647,254,SPY
1700000000529577342,450.7997,450.7772,450.8222,237,SPY
1700000000529961309,450.8898,450.8672,450.9123,12,SPY
1700000000530246976,450.9499,450.9273,450.9724,421,SPY
1700000000530588871,450.7002,450.6777,450.7227,384,SPY
1700000000531691162,450.6639,450.6414,450.6865,115,SPY
1700000000533222451,450.7163,450.6938,450.7389,212,SPY
1700000000533466132,450.9198,450.8972,450.9423,191,SPY
1700000000535454506,450.8697,450.8472,450.8923,309,SPY
1700000000536218097,450.8307,450.8082,450.8533,362,SPY
1700000000537380448,450.8664,450.8439,450.8890,437,SPY
1700000000538149207,450.9009,450.8783,450.9234,247,SPY
1700000000539284851,450.7132,450.6907,450.7358,386,SPY
1700000000540173476,450.8639,450.8414,450.8865,151,SPY
1700000000540579051,450.7570,450.7345,450.7796,20,SPY
1700000000541852488,450.8496,450.8270,450.8721,429,SPY
1700000000543173360,450.9147,450.8922,450.9372,91,SPY
1700000000545078689,450.8106,450.7880,450.8331,92,SPY
1700000000545492350,450.6120,450.5895,450.6345,290,SPY
1700000000546723033,450.4898,450.4672,450.5123,56,SPY
1700000000547311454,450.4270,450.4045,450.4495,404,SPY
1700000000547618558,450.3826,450.3601,450.4051,288,SPY
1700000000549062143,450.4381,450.4155,450.4606,434,SPY
1700000000549571967,450.5710,450.5485,450.5936,113,SPY
1700000000551460237,450.4832,450.4607,450.5057,264,SPY
1700000000552801167,450.5009,450.4783,450.5234,364,SPY
1700000000553014326,450.5067,450.4842,450.5292,114,SPY
1700000000554061055,450.5082,450.4857,450.5308,400,SPY
1700000000556047347,450.5027,450.4801,450.5252,113,SPY
1700000000557944137,450.6351,450.6126,450.6576,494,SPY
1700000000558498053,450.4541,450.4316,450.4767,190,SPY
1700000000560351748,450.3840,450.3615,450.4065,335,SPY
1700000000561751351,450.4425,450.4200,450.4650,270,SPY
1700000000562757288,450.5369,450.5144,450.5594,341,SPY
1700000000562925269,450.4707,450.4482,450.4932,484,SPY
1700000000563277498,450.4615,450.4390,450.4840,459,SPY
1700000000563605442,450.2126,450.1901,450.2351,439,SPY
1700000000565335176,450.1439,450.1214,450.1664,289,SPY
1700000000567178123,449.9442,449.9217,449.9667,206,SPY
1700000000569036980,449.8310,449.8086,449.8535,472,SPY
1700000000570782758,449.8332,449.8107,449.8557,142,SPY
1700000000572146212,449.8381,449.8156,449.8606,442,SPY
1700000000572953472,449.9163,449.8938,449.9388,262,SPY
1700000000574523329,450.0099,449.9874,450.0324,485,SPY
1700000000576274243,449.9100,449.8875,449.9325,310,SPY
1700000000577980314,449.9851,449.9626,450.0076,213,SPY
1700000000578826183,449.8933,449.8708,449.9158,439,SPY
1700000000579006925,449.8887,449.8662,449.9112,312,SPY
1700000000580136228,449.8492,449.8267,449.8717,116,SPY
1700000000581860857,449.8546,449.8321,449.8771,303,SPY
1700000000582580138,449.8042,449.7818,449.8267,29,SPY
1700000000584570374,449.8212,449.7987,449.8437,469,SPY
1700000000585794698,449.8923,449.8698,449.9148,395,SPY
1700000000587682183,449.7771,449.7546,449.7996,268,SPY
1700000000588196034,449.9013,449.8788,449.9237,23,SPY
1700000000588489244,449.8854,449.8629,449.9079,409,SPY
1700000000589296063,449.8286,449.8061,449.8511,225,SPY
1700000000589984958,449.7695,449.7470,449.7920,383,SPY
1700000000590782306,449.6733,449.6508,449.6957,128,SPY
1700000000591111609,449.4972,449.4748,449.5197,390,SPY
1700000000591941520,449.5133,449.4908,449.5358,156,SPY
1700000000593466875,449.4869,449.4644,449.5093,293,SPY
1700000000594886261,449.5771,449.5546,449.5996,244,SPY
1700000000595384323,449.6471,449.6246,449.6695,149,SPY
1700000000596934291,449.5763,449.5538,449.5988,49,SPY
1700000000597070195,449.5321,449.5096,449.5545,210,SPY
1700000000598451740,449.4118,449.3894,449.4343,417,SPY
1700000000600138011,449.4506,449.4281,449.4731,2,SPY
1700000000601212141,449.4396,449.4171,449.4621,32,SPY
1700000000601780763,449.4947,449.4722,449.5171,445,SPY
1700000000603349289,449.3722,449.3498,449.3947,422,SPY
1700000000605095823,449.3398,449.3173,449.3623,415,SPY
1700000000606575646,449.4459,449.4235,449.4684,337,SPY
1700000000608334200,449.5212,449.4987,449.5436,217,SPY
1700000000609008305,449.6278,449.6053,449.6502,273,SPY
1700000000610869947,449.7049,449.6824,449.7274,282,SPY
1700000000611856102,449.8295,449.8070,449.8520,131,SPY
1700000000612048859,449.9139,449.8915,449.9364,305,SPY
1700000000613683357,449.9099,449.8874,449.9324,167,SPY
1700000000614660323,450.0080,449.9855,450.0305,115,SPY
1700000000616459821,449.8828,449.8603,449.9052,162,SPY
1700000000617114765,450.0866,450.0641,450.1091,62,SPY
1700000000617796909,449.9469,449.9244,449.9694,100,SPY
1700000000618604288,449.9423,449.9199,449.9648,251,SPY
1700000000618999760,449.9226,449.9001,449.9451,71,SPY
1700000000620958545,449.9939,449.9714,450.0164,287,SPY
1700000000621248384,449.9659,449.9435,449.9884,53,SPY
1700000000623213758,449.8032,449.7807,449.8257,379,SPY
1700000000623363770,449.9434,449.9209,449.9658,203,SPY
1700000000623902297,449.8191,449.7966,449.8416,443,SPY
1700000000624451002,449.8749,449.8524,449.8974,156,SPY
1700000000626306095,449.7867,449.7642,449.8091,23,SPY
1700000000627126838,449.8713,449.8488,449.8938,440,SPY
1700000000627436140,449.8395,449.8170,449.8620,98,SPY
1700000000627842373,449.8313,449.8088,449.8538,321,SPY
1700000000628642235,449.7922,449.7698,449.8147,59,SPY
1700000000630037873,449.9138,449.8913,449.9363,222,SPY
1700000000630152119,449.7980,449.7755,449.8205,156,SPY
1700000000632068675,449.9304,449.9079,449.9529,95,SPY
1700000000632400698,449.9870,449.9645,450.0095,213,SPY
1700000000633084870,450.1373,450.1148,450.1598,390,SPY
1700000000634048953,450.1523,450.1298,450.1748,246,SPY
1700000000634689441,450.1537,450.1312,450.1762,243,SPY
1700000000635390626,450.0236,450.0011,450.0461,32,SPY
1700000000636734827,450.0685,450.0460,450.0910,154,SPY
1700000000637467670,450.1428,450.1203,450.1653,421,SPY
1700000000638509170,450.0584,450.0358,450.0809,449,SPY
1700000000639078833,450.0945,450.0720,450.1170,66,SPY
1700000000640394256,450.0044,449.9819,450.0269,170,SPY
1700000000641909846,450.0601,450.0376,450.0826,168,SPY
1700000000643395889,450.0527,450.0302,450.0752,92,SPY
1700000000644604026,449.9506,449.9281,449.9731,67,SPY
1700000000646109740,449.8825,449.8600,449.9050,486,SPY
1700000000647626605,449.8982,449.8757,449.9206,246,SPY
1700000000648708327,449.8650,449.8425,449.8875,136,SPY
1700000000649641175,449.8381,449.8156,449.8606,358,SPY
1700000000650841644,450.0109,449.9884,450.0334,106,SPY
1700000000652631501,449.9859,449.9634,450.0084,171,SPY
1700000000654284111,449.9150,449.8925,449.9375,321,SPY
1700000000655572382,449.9181,449.8956,449.9406,409,SPY
1700000000656806074,449.7868,449.7643,449.8093,145,SPY
1700000000657127581,449.9322,449.9097,449.9546,462,SPY
1700000000657691208,449.8971,449.8746,449.9196,20,SPY
1700000000658192767,449.9682,449.9457,449.9907,467,SPY
1700000000659380119,449.9612,449.9387,449.9837,87,SPY
1700000000660452696,450.0200,449.9975,450.0425,184,SPY
1700000000662400140,449.9894,449.9669,450.0119,458,SPY
1700000000663425276,450.1917,450.1692,450.2142,311,SPY
1700000000665192488,450.1823,450.1598,450.2048,458,SPY
1700000000665764598,450.1875,450.1650,450.2101,487,SPY
1700000000667644780,450.1995,450.1770,450.2220,276,SPY
1700000000668206290,450.3356,450.3130,450.3581,424,SPY
1700000000669325618,450.4342,450.4116,450.4567,356,SPY
1700000000670548055,450.5491,450.5266,450.5716,138,SPY
1700000000672372235,450.5303,450.5078,450.5528,229,SPY
1700000000674104674,450.5738,450.5513,450.5964,314,SPY
1700000000674961374,450.6901,450.6676,450.7126,312,SPY
1700000000675135489,450.5908,450.5683,450.6134,294,SPY
1700000000676315061,450.6649,450.6424,450.6874,324,SPY
1700000000677940849,450.7136,450.6911,450.7361,492,SPY
1700000000679087723,450.5643,450.5418,450.5869,84,SPY
1700000000680719903,450.4123,450.3898,450.4348,286,SPY
1700000000681348115,450.4871,450.4646,450.5096,7,SPY
1700000000683120745,450.4330,450.4104,450.4555,183,SPY
1700000000683231771,450.3237,450.3012,450.3463,5,SPY
1700000000683807145,450.1838,450.1612,450.2063,338,SPY
1700000000684965605,450.2881,450.2656,450.3106,361,SPY
1700000000686020766,450.3137,450.2911,450.3362,330,SPY
1700000000687901043,450.2470,450.2245,450.2695,226,SPY
1700000000689882299,450.3669,450.3444,450.3894,328,SPY
1700000000690259806,450.2078,450.1853,450.2303,50,SPY
1700000000692150204,450.1673,450.1448,450.1898,465,SPY
1700000000692679009,450.1927,450.1702,450.2152,438,SPY
1700000000692874416,449.9845,449.9620,450.0070,154,SPY
1700000000694178263,450.0864,450.0639,450.1089,290,SPY
1700000000696015478,450.0040,449.9815,450.0265,239,SPY
1700000000697082793,450.0100,449.9875,450.0325,423,SPY
1700000000698696153,450.0694,450.0469,450.0919,432,SPY
1700000000699037233,450.0611,450.0386,450.0836,24,SPY
1700000000700703747,450.2863,450.2638,450.3088,303,SPY
1700000000701208896,450.2859,450.2633,450.3084,334,SPY
1700000000702083778,450.2621,450.2396,450.2846,261,SPY
1700000000704043104,450.3381,450.3156,450.3607,66,SPY
1700000000705830767,450.2893,450.2668,450.3118,186,SPY
1700000000706482643,450.1846,450.1621,450.2071,127,SPY
1700000000707776711,450.2092,450.1867,450.2317,29,SPY
1700000000708190148,450.2391,450.2166,450.2616,240,SPY
1700000000708439629,450.2642,450.2417,450.2867,172,SPY
1700000000710130508,450.2699,450.2474,450.2924,494,SPY
1700000000711248725,450.3330,450.3104,450.3555,369,SPY
1700000000711670979,450.4938,450.4713,450.5163,132,SPY
1700000000712981131,450.5753,450.5528,450.5978,490,SPY
1700000000713635156,450.7127,450.6901,450.7352,69,SPY
1700000000714792336,450.6052,450.5827,450.6278,188,SPY
1700000000715999068,450.5098,450.4873,450.5323,410,SPY
1700000000717682118,450.6004,450.5779,450.6230,495,SPY
1700000000719488805,450.5781,450.5556,450.6006,419,SPY
1700000000721190946,450.6350,450.6125,450.6575,4,SPY
1700000000721382019,450.5141,450.4916,450.5366,78,SPY
1700000000721512100,450.6569,450.6344,450.6795,172,SPY
1700000000723492091,450.5492,450.5266,450.5717,405,SPY
1700000000725104127,450.6014,450.5789,450.6239,54,SPY
1700000000725727959,450.5317,450.5092,450.5542,340,SPY
1700000000727681239,450.6470,450.6244,450.6695,388,SPY
1700000000729586201,450.6176,450.5950,450.6401,190,SPY
1700000000730803600,450.5605,450.5380,450.5831,333,SPY
1700000000732084901,450.5643,450.5417,450.5868,150,SPY
1700000000733309409,450.5260,450.5035,450.5486,287,SPY
1700000000734836485,450.4668,450.4443,450.4893,164,SPY
1700000000735993844,450.5377,450.5151,450.5602,38,SPY
1700000000736653575,450.5950,450.5725,450.6175,439,SPY
1700000000737766972,450.5842,450.5617,450.6068,26,SPY
1700000000739739950,450.6311,450.6086,450.6536,382,SPY
1700000000740892191,450.6689,450.6464,450.6914,243,SPY
1700000000741800076,450.5853,450.5628,450.6078,273,SPY
1700000000742388298,450.6982,450.6757,450.7207,53,SPY
1700000000743768685,450.7634,450.7409,450.7860,362,SPY
1700000000745654554,450.8102,450.7877,450.8328,423,SPY
1700000000746096973,450.7098,450.6872,450.7323,33,SPY
1700000000747934578,450.7267,450.7042,450.7493,464,SPY
1700000000749628521,450.6062,450.5836,450.6287,474,SPY
1700000000751504812,450.6005,450.5779,450.6230,223,SPY
1700000000753298744,450.7621,450.7395,450.7846,200,SPY
1700000000754279020,450.7839,450.7613,450.8064,278,SPY
1700000000754536326,450.7807,450.7582,450.8033,19,SPY
1700000000755748765,450.8063,450.7838,450.8289,458,SPY
1700000000756052245,450.7303,450.7078,450.7528,91,SPY
1700000000756537840,450.6260,450.6034,450.6485,411,SPY
1700000000758462192,450.5907,450.5681,450.6132,480,SPY
1700000000759091551,450.7157,450.6932,450.7382,148,SPY
1700000000760014523,450.8249,450.8024,450.8475,3,SPY
1700000000760340684,450.6039,450.5814,450.6265,139,SPY
1700000000761594212,450.4363,450.4137,450.4588,324,SPY
1700000000762101053,450.2926,450.2701,450.3151,381,SPY
1700000000762939208,450.2794,450.2569,450.3019,144,SPY
1700000000763465984,450.2292,450.2067,450.2517,472,SPY
1700000000765309194,450.1379,450.1154,450.1604,490,SPY
1700000000766877665,450.2008,450.1783,450.2233,415,SPY
1700000000767842370,450.1889,450.1664,450.2114,424,SPY
1700000000769404773,450.2473,450.2248,450.2698,184,SPY
1700000000770752633,450.1931,450.1706,450.2156,213,SPY
1700000000771938527,450.1982,450.1756,450.2207,59,SPY
1700000000772567718,450.0752,450.0527,450.0977,428,SPY
1700000000773291201,449.9382,449.9157,449.9607,52,SPY
1700000000774432783,449.9099,449.8874,449.9324,430,SPY
1700000000776213402,449.8931,449.8706,449.9156,19,SPY
1700000000776724726,449.9241,449.9016,449.9466,485,SPY
1700000000777997837,449.9387,449.9162,449.9612,306,SPY
1700000000779442278,450.0685,450.0460,450.0910,16,SPY
1700000000780024815,450.1770,450.1545,450.1996,208,SPY
1700000000781317382,450.2717,450.2492,450.2942,309,SPY
1700000000782690858,450.2523,450.2298,450.2748,120,SPY
1700000000784004342,450.2584,450.2359,450.2809,271,SPY
1700000000785766798,450.2517,450.2291,450.2742,103,SPY
1700000000786362410,450.2688,450.2463,450.2913,366,SPY
1700000000787268160,450.3117,450.2892,450.3342,360,SPY
1700000000788513522,450.3598,450.3373,450.3823,304,SPY
1700000000789159428,450.3680,450.3454,450.3905,490,SPY
1700000000789496451,450.3690,450.3465,450.3916,210,SPY
1700000000790762258,450.4150,450.3925,450.4376,299,SPY
1700000000791603130,450.3772,450.3546,450.3997,247,SPY
1700000000793230299,450.2653,450.2428,450.2879,290,SPY
1700000000795069278,450.3181,450.2955,450.3406,158,SPY
1700000000796469912,450.2058,450.1833,450.2283,130,SPY
1700000000797321400,450.0524,450.0299,450.0749,200,SPY
1700000000797607822,450.0848,450.0623,450.1073,36,SPY
1700000000798076718,450.1173,450.0948,450.1398,148,SPY
1700000000800068508,450.1260,450.1035,450.1485,42,SPY
1700000000800597617,450.0716,450.0491,450.0941,73,SPY
1700000000800907505,450.1699,450.1474,450.1925,447,SPY
1700000000801128803,450.1543,450.1318,450.1768,387,SPY
1700000000801884830,450.1559,450.1334,450.1784,91,SPY
1700000000802205252,450.1381,450.1156,450.1606,471,SPY
1700000000802634129,450.0318,450.0093,450.0543,294,SPY
1700000000803649971,450.1738,450.1513,450.1963,51,SPY
1700000000804235315,450.1886,450.1661,450.2111,83,SPY
1700000000805839005,449.9200,449.8975,449.9425,51,SPY
1700000000807475786,449.9448,449.9223,449.9673,139,SPY
1700000000809279104,450.0847,450.0622,450.1072,289,SPY
1700000000811075114,450.0610,450.0385,450.0835,458,SPY
1700000000811828060,450.0478,450.0253,450.0703,277,SPY
1700000000812616510,450.0620,450.0395,450.0845,442,SPY
1700000000814449750,450.2004,450.1779,450.2229,278,SPY
1700000000815140048,450.0520,450.0295,450.0745,79,SPY
1700000000816628906,450.0341,450.0116,450.0566,35,SPY
1700000000818526334,450.0492,450.0267,450.0717,238,SPY
1700000000818930801,450.0501,450.0276,450.0726,135,SPY
1700000000819198839,449.9077,449.8852,449.9302,344,SPY
1700000000820846532,449.9751,449.9526,449.9976,71,SPY
1700000000822314220,449.9990,449.9765,450.0215,496,SPY
1700000000822824630,449.9419,449.9194,449.9644,152,SPY
1700000000823463655,449.9633,449.9408,449.9858,66,SPY
1700000000825327705,449.9780,449.9555,450.0005,27,SPY
1700000000826330201,449.8957,449.8733,449.9182,237,SPY
1700000000826819331,450.0381,450.0156,450.0606,55,SPY
1700000000827746302,449.9245,449.9020,449.9470,445,SPY
1700000000828998259,449.9921,449.9696,450.0146,478,SPY
1700000000829902071,450.0963,450.0738,450.1188,318,SPY
1700000000830892246,449.9218,449.8993,449.9443,225,SPY
1700000000831516062,449.9628,449.9403,449.9853,415,SPY
1700000000833126716,449.9958,449.9733,450.0183,455,SPY
1700000000833800509,450.1317,450.1092,450.1542,190,SPY
1700000000835480677,450.1772,450.1547,450.1997,37,SPY
1700000000836311534,450.1234,450.1009,450.1459,354,SPY
1700000000836970937,450.1145,450.0920,450.1370,438,SPY
1700000000838585461,450.1381,450.1156,450.1606,385,SPY
1700000000839277080,450.0540,450.0315,450.0765,154,SPY
1700000000840241190,449.9494,449.9269,449.9719,265,SPY
1700000000840482465,449.8517,449.8292,449.8742,117,SPY
1700000000841681012,449.7582,449.7357,449.7807,492,SPY
1700000000843012236,449.8464,449.8239,449.8689,321,SPY
1700000000843320868,449.9143,449.8918,449.9368,491,SPY
1700000000844230510,449.9649,449.9424,449.9874,364,SPY
1700000000846090633,449.8915,449.8690,449.9140,174,SPY
1700000000847329822,449.8869,449.8644,449.9094,129,SPY
1700000000848149360,449.8942,449.8717,449.9167,20,SPY
1700000000849953717,449.8875,449.8650,449.9100,454,SPY
1700000000851415854,449.9202,449.8977,449.9427,125,SPY
1700000000852605493,449.9993,449.9768,450.0218,90,SPY
1700000000853419138,450.0887,450.0662,450.1112,264,SPY
1700000000854577632,449.9672,449.9447,449.9897,22,SPY
1700000000856394180,449.8710,449.8485,449.8935,88,SPY
1700000000857110851,449.9549,449.9324,449.9774,471,SPY
1700000000857709465,449.8741,449.8516,449.8966,2,SPY
1700000000859066208,449.8248,449.8023,449.8473,374,SPY
1700000000860347573,449.7822,449.7597,449.8047,225,SPY
1700000000862113897,449.8469,449.8244,449.8694,351,SPY
1700000000862608404,449.8362,449.8138,449.8587,182,SPY
1700000000863061019,449.8006,449.7781,449.8231,152,SPY
1700000000863943347,449.9221,449.8996,449.9445,492,SPY
1700000000864081720,449.7658,449.7433,449.7882,42,SPY
1700000000864527067,449.7493,449.7268,449.7717,276,SPY
1700000000864945021,449.9228,449.9003,449.9453,223,SPY
1700000000865936608,450.0009,449.9784,450.0234,93,SPY
1700000000867668673,449.9936,449.9711,450.0161,67,SPY
1700000000869079367,449.9553,449.9328,449.9778,408,SPY
1700000000869511670,449.9520,449.9295,449.9745,15,SPY
1700000000870893906,449.9704,449.9479,449.9929,298,SPY
1700000000871058812,449.9844,449.9619,450.0069,436,SPY
1700000000871676292,450.0848,450.0623,450.1073,391,SPY
1700000000872819257,450.3026,450.2801,450.3251,173,SPY
1700000000874647514,450.2886,450.2660,450.3111,15,SPY
1700000000875376857,450.4068,450.3843,450.4293,362,SPY
1700000000876229306,450.4655,450.4429,450.4880,57,SPY
1700000000876882565,450.5499,450.5274,450.5724,345,SPY
1700000000877305077,450.6182,450.5956,450.6407,73,SPY
1700000000877574340,450.6459,450.6234,450.6684,434,SPY
1700000000879437355,450.7739,450.7513,450.7964,500,SPY
1700000000880958780,450.6759,450.6533,450.6984,331,SPY
1700000000882266030,450.6908,450.6683,450.7134,5,SPY
1700000000882660340,450.7140,450.6914,450.7365,360,SPY
1700000000884582496,450.8318,450.8092,450.8543,325,SPY
1700000000885709764,450.7595,450.7369,450.7820,391,SPY
1700000000887692853,450.8146,450.7920,450.8371,308,SPY
1700000000889178627,450.8306,450.8080,450.8531,399,SPY
1700000000890379697,450.7407,450.7182,450.7633,101,SPY
1700000000891129936,450.7713,450.7488,450.7939,370,SPY
1700000000892559949,450.8103,450.7877,450.8328,418,SPY
1700000000894340233,450.7858,450.7632,450.8083,204,SPY
1700000000895059846,450.7506,450.7281,450.7732,220,SPY
1700000000896617666,450.7228,450.7003,450.7454,99,SPY
1700000000898182331,450.8999,450.8773,450.9224,3,SPY
1700000000899207594,450.8881,450.8656,450.9106,10,SPY
1700000000899507598,450.9550,450.9324,450.9775,46,SPY
1700000000900252785,451.1425,451.1199,451.1650,284,SPY
1700000000900886769,450.9520,450.9295,450.9746,304,SPY
1700000000901658463,450.9450,450.9224,450.9675,239,SPY
1700000000902942798,450.9831,450.9605,451.0056,173,SPY
1700000000903523843,450.9029,450.8804,450.9255,248,SPY
1700000000905114516,450.8227,450.8002,450.8453,44,SPY
1700000000905284479,450.6209,450.5984,450.6434,166,SPY
1700000000906831871,450.7079,450.6854,450.7304,432,SPY
1700000000907488160,450.7886,450.7661,450.8111,187,SPY
1700000000908715155,450.8245,450.8020,450.8471,415,SPY
1700000000909607350,450.8941,450.8716,450.9166,210,SPY
1700000000910197068,450.9253,450.9028,450.9479,170,SPY
1700000000911890408,450.9591,450.9365,450.9816,175,SPY
1700000000911999836,450.9511,450.9285,450.9736,30,SPY
1700000000912297826,450.9722,450.9496,450.9947,331,SPY
1700000000914203639,451.0026,450.9801,451.0252,164,SPY
1700000000916083649,451.0399,451.0173,451.0624,178,SPY
1700000000916323167,450.9627,450.9402,450.9853,237,SPY
1700000000918099916,450.8341,450.8116,450.8567,473,SPY
1700000000918465320,450.7926,450.7700,450.8151,253,SPY
1700000000919735164,450.7205,450.6980,450.7431,247,SPY
1700000000920543137,450.7669,450.7443,450.7894,371,SPY
1700000000921848176,450.8002,450.7777,450.8228,459,SPY
1700000000922420995,450.8025,450.7800,450.8251,293,SPY
1700000000923620086,450.7688,450.7463,450.7914,180,SPY
1700000000923753258,450.7105,450.6880,450.7330,475,SPY
1700000000924021932,450.6791,450.6566,450.7017,458,SPY
1700000000924274352,450.6629,450.6403,450.6854,276,SPY
1700000000925629746,450.6374,450.6148,450.6599,143,SPY
1700000000927607414,450.6098,450.5873,450.6324,175,SPY
1700000000927718876,450.7229,450.7003,450.7454,118,SPY
1700000000928683011,450.8234,450.8008,450.8459,362,SPY
1700000000930322103,450.8948,450.8723,450.9174,143,SPY
1700000000932158510,451.0304,451.0078,451.0529,491,SPY
1700000000933652561,451.0565,451.0339,451.0790,18,SPY
1700000000934586038,450.9919,450.9693,451.0144,345,SPY
1700000000935536421,450.7732,450.7506,450.7957,222,SPY
1700000000936568560,450.7148,450.6922,450.7373,423,SPY
1700000000937847379,450.7770,450.7545,450.7995,20,SPY
1700000000939710968,450.9351,450.9126,450.9577,299,SPY
1700000000940419342,451.0230,451.0005,451.0456,173,SPY
1700000000940773798,451.1039,451.0814,451.1265,418,SPY
1700000000941693442,451.0781,451.0556,451.1007,113,SPY
1700000000942571570,450.9956,450.9731,451.0182,347,SPY
1700000000944204500,451.1046,451.0820,451.1272,177,SPY
1700000000945846273,450.9856,450.9631,451.0082,268,SPY
1700000000946349648,451.1081,451.0855,451.1306,167,SPY
1700000000947160802,451.1561,451.1336,451.1787,338,SPY
1700000000948034722,450.9703,450.9477,450.9928,360,SPY
1700000000949650881,451.0628,451.0402,451.0853,460,SPY
1700000000949937262,450.9183,450.8957,450.9408,220,SPY
1700000000951465530,450.8382,450.8157,450.8607,206,SPY
1700000000951723367,450.8097,450.7872,450.8323,419,SPY
1700000000953159142,450.9028,450.8802,450.9253,248,SPY
1700000000953970677,450.8215,450.7990,450.8440,272,SPY
1700000000954253587,450.7389,450.7164,450.7614,156,SPY
1700000000954848076,450.8348,450.8122,450.8573,381,SPY
1700000000955104397,450.8959,450.8733,450.9184,320,SPY
1700000000956385598,451.0582,451.0357,451.0808,362,SPY
1700000000957758444,451.0807,451.0581,451.1032,488,SPY
1700000000958860263,451.0570,451.0345,451.0796,84,SPY
1700000000960659827,451.1738,451.1512,451.1964,54,SPY
1700000000961107843,451.2518,451.2293,451.2744,309,SPY
1700000000961303940,451.1699,451.1473,451.1925,126,SPY
1700000000962300269,451.0733,451.0507,451.0958,406,SPY
1700000000963442753,451.0129,450.9903,451.0354,252,SPY
1700000000964046685,450.8912,450.8687,450.9138,257,SPY
1700000000964862516,451.0132,450.9907,451.0358,404,SPY
1700000000966359188,451.0947,451.0722,451.1173,36,SPY
1700000000967348021,451.1854,451.1628,451.2080,226,SPY
1700000000967448299,451.1073,451.0848,451.1299,221,SPY
1700000000969013350,451.0600,451.0374,451.0825,267,SPY
1700000000971012189,451.1124,451.0898,451.1349,465,SPY
1700000000972336829,451.0624,451.0398,451.0849,47,SPY
1700000000973855238,451.2330,451.2104,451.2556,331,SPY
1700000000974008658,451.3678,451.3453,451.3904,168,SPY
1700000000974810202,451.4799,451.4573,451.5024,138,SPY
1700000000976265606,451.5365,451.5139,451.5591,436,SPY
1700000000978124799,451.5731,451.5505,451.5957,172,SPY
1700000000978965408,451.5812,451.5586,451.6038,63,SPY
1700000000979730680,451.4203,451.3977,451.4428,279,SPY
1700000000980052265,451.3385,451.3159,451.3611,24,SPY
1700000000981726181,451.4508,451.4283,451.4734,468,SPY
1700000000982236351,451.4762,451.4536,451.4987,303,SPY
1700000000983634345,451.5417,451.5191,451.5643,155,SPY
1700000000984605276,451.6646,451.6421,451.6872,442,SPY
1700000000985631129,451.6711,451.6485,451.6936,66,SPY
1700000000987461683,451.7276,451.7050,451.7502,77,SPY
1700000000987857159,451.6952,451.6726,451.7178,356,SPY
1700000000989320596,451.7778,451.7552,451.8004,167,SPY
1700000000990001006,451.8760,451.8534,451.8986,456,SPY
1700000000991956843,451.9098,451.8872,451.9324,301,SPY
1700000000993590170,451.9712,451.9486,451.9938,363,SPY
1700000000993856265,451.8777,451.8551,451.9003,411,SPY
1700000000994771087,451.9631,451.9405,451.9857,382,SPY
1700000000995031030,451.9861,451.9635,452.0087,28,SPY
1700000000996149191,451.9562,451.9336,451.9788,457,SPY
1700000000996704330,452.0380,452.0154,452.0606,457,SPY
1700000000998043018,452.0280,452.0054,452.0506,350,SPY
1700000001000029981,451.9478,451.9252,451.9704,241,SPY
1700000001001666236,451.9425,451.9199,451.9651,244,SPY
1700000001003312148,452.0273,452.0047,452.0499,464,SPY
1700000001003796887,452.1341,452.1115,452.1567,327,SPY
1700000001005117075,452.1132,452.0906,452.1358,452,SPY
1700000001006102129,452.1423,452.1197,452.1649,159,SPY
1700000001006307288,452.2122,452.1896,452.2348,95,SPY
1700000001007252357,452.2531,452.2305,452.2757,461,SPY
1700000001007943207,452.3115,452.2889,452.3342,336,SPY
1700000001009103157,452.4833,452.4607,452.5059,311,SPY
1700000001009714155,452.4571,452.4345,452.4797,485,SPY
1700000001010818092,452.4613,452.4387,452.4839,354,SPY
1700000001011931091,452.4800,452.4574,452.5026,118,SPY
1700000001013103447,452.5211,452.4985,452.5437,174,SPY
1700000001013732902,452.5272,452.5046,452.5498,382,SPY
1700000001015053495,452.4613,452.4387,452.4840,468,SPY
1700000001015480182,452.4484,452.4257,452.4710,496,SPY
1700000001017020375,452.3197,452.2971,452.3423,458,SPY
1700000001018829169,452.4074,452.3847,452.4300,293,SPY
1700000001019679480,452.6101,452.5874,452.6327,193,SPY
1700000001019789485,452.5710,452.5484,452.5936,267,SPY
1700000001020934261,452.6685,452.6458,452.6911,394,SPY
1700000001021673182,452.6314,452.6087,452.6540,455,SPY
1700000001022601625,452.7044,452.6818,452.7271,340,SPY
1700000001024227217,452.7929,452.7702,452.8155,315,SPY
1700000001024986713,452.7584,452.7358,452.7810,381,SPY
1700000001025670827,452.7885,452.7659,452.8112,240,SPY
1700000001026175976,452.7159,452.6932,452.7385,10,SPY
1700000001027559327,452.7979,452.7753,452.8206,389,SPY
1700000001029430158,452.7385,452.7159,452.7611,125,SPY
1700000001031138477,452.8226,452.8000,452.8453,219,SPY
1700000001032068302,452.7836,452.7609,452.8062,369,SPY
1700000001033317727,452.7723,452.7496,452.7949,179,SPY
1700000001034774679,452.7556,452.7330,452.7783,268,SPY
1700000001036202590,452.7446,452.7220,452.7673,280,SPY
1700000001036634526,452.9071,452.8844,452.9297,491,SPY
1700000001038326689,453.0155,452.9929,453.0382,287,SPY
1700000001038574965,453.2160,453.1933,453.2387,408,SPY
1700000001039513231,453.2091,453.1864,453.2317,418,SPY
1700000001039888142,453.1538,453.1312,453.1765,107,SPY
1700000001040032079,453.2238,453.2011,453.2464,395,SPY
1700000001041649578,453.2533,453.2306,453.2760,229,SPY
1700000001042840393,453.1163,453.0937,453.1390,382,SPY
1700000001043742186,453.0598,453.0372,453.0825,262,SPY
1700000001044626114,453.0837,453.0610,453.1064,208,SPY
1700000001045884473,453.0842,453.0616,453.1069,301,SPY
1700000001046888543,453.1088,453.0861,453.1314,252,SPY
1700000001047306402,453.2090,453.1864,453.2317,414,SPY
1700000001047638232,453.3306,453.3079,453.3532,244,SPY
1700000001047906696,453.3595,453.3368,453.3821,421,SPY
1700000001048755931,453.2533,453.2306,453.2760,112,SPY
1700000001050665384,453.2485,453.2259,453.2712,180,SPY
1700000001051011492,453.2856,453.2630,453.3083,16,SPY
1700000001051363234,453.3669,453.3442,453.3895,80,SPY
1700000001053142032,453.2573,453.2346,453.2800,369,SPY
1700000001055111684,453.3804,453.3578,453.4031,289,SPY
1700000001056027101,453.4682,453.4456,453.4909,242,SPY
1700000001056987813,453.4683,453.4456,453.4910,177,SPY
1700000001058913197,453.5954,453.5727,453.6181,481,SPY
1700000001059168477,453.6399,453.6172,453.6625,418,SPY
1700000001060431603,453.6373,453.6146,453.6600,206,SPY
1700000001061688487,453.6121,453.5894,453.6348,54,SPY
1700000001062946148,453.5898,453.5672,453.6125,72,SPY
1700000001064484859,453.5231,453.5004,453.5458,167,SPY
1700000001066020511,453.5390,453.5163,453.5617,195,SPY
1700000001067619297,453.4536,453.4309,453.4762,431,SPY
1700000001068310143,453.3869,453.3642,453.4096,122,SPY
1700000001069471221,453.3787,453.3561,453.4014,359,SPY
1700000001069661832,453.3153,453.2927,453.3380,283,SPY
1700000001070946645,453.3740,453.3513,453.3966,352,SPY
1700000001071561727,453.4307,453.4080,453.4533,207,SPY
1700000001072171392,453.5138,453.4912,453.5365,452,SPY
1700000001073281010,453.6217,453.5990,453.6444,448,SPY
1700000001074725008,453.7774,453.7547,453.8001,75,SPY
1700000001076117808,453.7889,453.7662,453.8116,217,SPY
1700000001077989056,453.7487,453.7260,453.7714,157,SPY
1700000001079404027,453.7276,453.7050,453.7503,149,SPY
1700000001079567363,453.6230,453.6004,453.6457,213,SPY
1700000001079883402,453.5043,453.4816,453.5270,362,SPY
1700000001081794761,453.3585,453.3358,453.3811,201,SPY
1700000001082126989,453.4682,453.4455,453.4908,216,SPY
1700000001083329375,453.4426,453.4199,453.4653,335,SPY
1700000001084848201,453.2860,453.2633,453.3087,59,SPY
1700000001086674619,453.0756,453.0530,453.0983,81,SPY
1700000001088153275,453.0857,453.0630,453.1084,463,SPY
1700000001089797506,453.2345,453.2118,453.2571,257,SPY
1700000001090076491,453.1755,453.1528,453.1982,364,SPY
1700000001091280232,453.2154,453.1927,453.2380,178,SPY
1700000001092142915,453.2716,453.2489,453.2942,234,SPY
1700000001092760811,453.3705,453.3478,453.3931,394,SPY
1700000001094047298,453.4597,453.4370,453.4824,495,SPY
1700000001094611815,453.4217,453.3990,453.4444,166,SPY
1700000001096591080,453.3660,453.3434,453.3887,490,SPY
1700000001098178003,453.4314,453.4087,453.4540,14,SPY
1700000001098314811,453.2889,453.2663,453.3116,469,SPY
1700000001099588665,453.3600,453.3373,453.3827,264,SPY
1700000001100464421,453.3109,453.2882,453.3336,50,SPY
1700000001101621734,453.2169,453.1942,453.2396,22,SPY
1700000001103085111,453.1613,453.1387,453.1840,481,SPY
1700000001104164779,453.2601,453.2375,453.2828,51,SPY
1700000001104446750,453.3265,453.3038,453.3491,415,SPY
1700000001105166097,453.2328,453.2102,453.2555,357,SPY
1700000001105297154,453.0601,453.0375,453.0828,391,SPY
1700000001105979236,453.0418,453.0191,453.0644,239,SPY
1700000001107573570,453.0691,453.0464,453.0917,48,SPY
1700000001108044389,452.9029,452.8803,452.9255,318,SPY
1700000001109397889,452.8451,452.8225,452.8678,204,SPY
1700000001111145398,452.8620,452.8393,452.8846,2,SPY
1700000001111310868,452.7097,452.6870,452.7323,194,SPY
1700000001112117910,452.8197,452.7970,452.8423,308,SPY
1700000001113998008,452.7721,452.7495,452.7948,32,SPY
1700000001115254830,452.7417,452.7190,452.7643,10,SPY
1700000001116419797,452.8079,452.7853,452.8306,277,SPY
1700000001116728742,452.8293,452.8066,452.8519,282,SPY
1700000001118289260,452.9915,452.9689,453.0142,127,SPY
1700000001119904112,452.9940,452.9713,453.0166,291,SPY
1700000001121324991,453.0218,452.9991,453.0444,339,SPY
1700000001121623202,453.0151,452.9924,453.0377,398,SPY
1700000001123220439,452.9677,452.9451,452.9903,462,SPY
1700000001123906791,453.0313,453.0087,453.0540,45,SPY
1700000001125022154,453.0491,453.0265,453.0718,307,SPY
1700000001125733805,452.8364,452.8137,452.8590,257,SPY
1700000001126594234,452.8270,452.8044,452.8497,155,SPY
1700000001127150674,452.8254,452.8028,452.8481,408,SPY
1700000001128830324,452.6882,452.6656,452.7108,408,SPY
1700000001128952340,452.8147,452.7920,452.8373,43,SPY
1700000001129208292,452.8395,452.8168,452.8621,429,SPY
1700000001130002407,453.0108,452.9881,453.0334,433,SPY
1700000001131215813,452.9149,452.8923,452.9376,460,SPY
1700000001133118700,452.9453,452.9227,452.9680,229,SPY
1700000001133269645,452.9116,452.8889,452.9342,278,SPY
1700000001134382393,452.8078,452.7852,452.8304,126,SPY
1700000001134518849,452.7775,452.7548,452.8001,337,SPY
1700000001135710079,452.9653,452.9426,452.9879,342,SPY
1700000001135951284,452.9010,452.8783,452.9236,186,SPY
1700000001137738873,453.0142,452.9916,453.0369,441,SPY
1700000001139307081,452.9502,452.9276,452.9728,258,SPY
1700000001140132984,452.7878,452.7652,452.8105,375,SPY
1700000001141407928,452.7108,452.6882,452.7335,424,SPY
1700000001141738442,452.6559,452.6333,452.6786,218,SPY
1700000001142263277,452.6150,452.5924,452.6376,4,SPY
1700000001143833835,452.5501,452.5275,452.5727,314,SPY
1700000001143953557,452.6740,452.6514,452.6966,36,SPY
1700000001145014517,452.8157,452.7931,452.8384,206,SPY
1700000001145749583,452.7860,452.7634,452.8087,286,SPY
1700000001147453868,452.8851,452.8625,452.9078,315,SPY
1700000001148383141,452.8711,452.8484,452.8937,137,SPY
1700000001148915898,453.0126,452.9900,453.0353,254,SPY
1700000001150890612,452.9757,452.9531,452.9984,216,SPY
1700000001151215109,452.8671,452.8444,452.8897,63,SPY
1700000001152124515,452.9058,452.8831,452.9284,385,SPY
1700000001153774546,452.8773,452.8547,452.9000,328,SPY
1700000001154246741,452.7884,452.7658,452.8111,285,SPY
1700000001154816671,452.6750,452.6523,452.6976,222,SPY
1700000001156656540,452.7319,452.7093,452.7546,420,SPY
1700000001157722359,452.6543,452.6317,452.6769,170,SPY
1700000001158281054,452.5619,452.5393,452.5845,322,SPY
1700000001160090262,452.4916,452.4690,452.5142,267,SPY
1700000001160504570,452.4875,452.4648,452.5101,43,SPY
1700000001161254064,452.5714,452.5487,452.5940,93,SPY
1700000001163220395,452.4268,452.4041,452.4494,103,SPY
1700000001163976379,452.4571,452.4345,452.4797,484,SPY
1700000001164241277,452.4480,452.4254,452.4706,87,SPY
1700000001166074719,452.4383,452.4157,452.4610,190,SPY
1700000001167408118,452.4769,452.4543,452.4996,398,SPY
1700000001167874645,452.5558,452.5331,452.5784,396,SPY
1700000001168627501,452.5437,452.5210,452.5663,327,SPY
1700000001169967053,452.5434,452.5207,452.5660,15,SPY
1700000001170770310,452.5535,452.5309,452.5762,83,SPY
1700000001172100271,452.7838,452.7612,452.8065,498,SPY
1700000001172631727,452.7668,452.7442,452.7895,41,SPY
1700000001173962707,452.7039,452.6813,452.7266,251,SPY
1700000001174063465,452.6816,452.6589,452.7042,74,SPY
1700000001174545412,452.6649,452.6422,452.6875,181,SPY
1700000001175766220,452.6594,452.6368,452.6821,108,SPY
1700000001177182936,452.7832,452.7605,452.8058,276,SPY
1700000001177912546,452.8357,452.8130,452.8583,145,SPY
1700000001178583455,452.8130,452.7904,452.8357,48,SPY
1700000001180347925,452.8234,452.8008,452.8461,237,SPY
1700000001182308980,452.8230,452.8003,452.8456,350,SPY
1700000001183285964,452.9344,452.9118,452.9571,460,SPY
1700000001184226489,452.9823,452.9596,453.0049,182,SPY
1700000001186175626,453.0490,453.0263,453.0716,262,SPY
1700000001186340604,452.9417,452.9190,452.9643,98,SPY
1700000001187877645,452.9315,452.9088,452.9541,498,SPY
1700000001188390366,452.9580,452.9353,452.9806,437,SPY
1700000001189263489,452.8229,452.8003,452.8456,115,SPY
1700000001191262668,452.8056,452.7830,452.8283,98,SPY
1700000001191470716,452.7371,452.7145,452.7598,284,SPY
1700000001192739174,452.6893,452.6667,452.7119,194,SPY
1700000001193556007,452.6535,452.6308,452.6761,48,SPY
1700000001194634951,452.6815,452.6589,452.7041,416,SPY
1700000001196511643,452.5328,452.5102,452.5555,323,SPY
1700000001197427601,452.4364,452.4138,452.4590,382,SPY
1700000001199407349,452.3833,452.3607,452.4059,481,SPY
1700000001200214222,452.3857,452.3631,452.4083,292,SPY
1700000001201291400,452.4021,452.3795,452.4247,425,SPY
1700000001202047324,452.3940,452.3714,452.4167,279,SPY
1700000001203853116,452.2886,452.2659,452.3112,172,SPY
1700000001205472764,452.4374,452.4148,452.4600,220,SPY
1700000001206835902,452.4192,452.3965,452.4418,497,SPY
1700000001208100635,452.2875,452.2649,452.3101,315,SPY
1700000001209609897,452.2752,452.2526,452.2978,67,SPY
1700000001209959430,452.3017,452.2791,452.3243,272,SPY
1700000001211876516,452.2644,452.2418,452.2871,27,SPY
1700000001212754476,452.2559,452.2333,452.2786,230,SPY
1700000001214182417,452.2492,452.2266,452.2719,62,SPY
1700000001214763101,452.2516,452.2290,452.2742,269,SPY
1700000001216525844,452.1735,452.1509,452.1961,346,SPY
1700000001217594057,452.1537,452.1311,452.1763,439,SPY
1700000001218590352,452.1124,452.0898,452.1350,113,SPY
1700000001220241742,452.1098,452.0872,452.1324,258,SPY
1700000001220552909,452.0067,451.9841,452.0293,150,SPY
1700000001221610342,451.8778,451.8553,451.9004,163,SPY
1700000001223412804,451.8140,451.7914,451.8366,356,SPY
1700000001225259515,451.6619,451.6393,451.6845,169,SPY
1700000001225476114,451.5340,451.5114,451.5565,268,SPY
1700000001225673183,451.3047,451.2822,451.3273,66,SPY
1700000001226236187,451.3507,451.3282,451.3733,172,SPY
1700000001226349027,451.2344,451.2119,451.2570,428,SPY
1700000001227047816,451.3370,451.3144,451.3596,300,SPY
1700000001228404427,451.4274,451.4048,451.4499,7,SPY
1700000001229114584,451.3679,451.3453,451.3904,481,SPY
1700000001230046216,451.4853,451.4627,451.5079,484,SPY
1700000001230994516,451.4869,451.4643,451.5095,98,SPY
1700000001232834352,451.4785,451.4559,451.5011,142,SPY
1700000001233383406,451.3121,451.2896,451.3347,114,SPY
1700000001233845360,451.3183,451.2957,451.3409,187,SPY
1700000001235331073,451.2986,451.2761,451.3212,133,SPY
1700000001235504764,451.1829,451.1604,451.2055,300,SPY
1700000001237352090,451.3327,451.3102,451.3553,236,SPY
1700000001238960674,451.2991,451.2765,451.3216,280,SPY
1700000001239843113,451.1914,451.1688,451.2139,440,SPY
1700000001240571462,451.2215,451.1989,451.2441,63,SPY
1700000001242096067,451.1398,451.1172,451.1623,61,SPY
1700000001242219198,451.0505,451.0279,451.0730,247,SPY
1700000001243694319,451.0778,451.0552,451.1003,475,SPY
1700000001245410853,451.0224,450.9998,451.0449,112,SPY
1700000001246399322,450.9106,450.8880,450.9331,119,SPY
1700000001246917669,450.9082,450.8857,450.9308,61,SPY
1700000001247726624,450.8701,450.8476,450.8926,206,SPY
1700000001249657835,450.8388,450.8163,450.8613,5,SPY
1700000001250456467,450.8225,450.7999,450.8450,382,SPY
1700000001251662426,450.8317,450.8092,450.8543,463,SPY
1700000001252685078,450.9907,450.9681,451.0132,254,SPY
1700000001253629604,451.0062,450.9836,451.0287,172,SPY
1700000001254796982,450.9131,450.8905,450.9356,161,SPY
1700000001255542741,451.0118,450.9892,451.0343,88,SPY
1700000001256653042,451.0306,451.0080,451.0531,287,SPY
1700000001258496076,451.1028,451.0803,451.1254,367,SPY
1700000001259973722,450.9768,450.9542,450.9993,498,SPY
1700000001260503207,450.9932,450.9706,451.0157,376,SPY
1700000001262198515,450.8646,450.8421,450.8872,33,SPY
1700000001264130092,450.7484,450.7259,450.7710,131,SPY
1700000001265542101,450.6546,450.6321,450.6772,312,SPY
1700000001267010514,450.6281,450.6055,450.6506,439,SPY
1700000001267654849,450.6502,450.6277,450.6728,376,SPY
1700000001267975165,450.7465,450.7240,450.7691,46,SPY
1700000001269441983,450.6429,450.6204,450.6654,6,SPY
1700000001269563660,450.7398,450.7173,450.7623,337,SPY
1700000001271513484,450.7670,450.7445,450.7896,232,SPY
1700000001271979249,450.7156,450.6931,450.7381,256,SPY
1700000001272750819,450.6709,450.6483,450.6934,54,SPY
1700000001273348386,450.7276,450.7050,450.7501,320,SPY
1700000001273848359,450.7536,450.7310,450.7761,305,SPY
1700000001275535014,450.7047,450.6822,450.7273,316,SPY
1700000001276183425,450.5854,450.5629,450.6080,475,SPY
1700000001277801560,450.5159,450.4934,450.5384,169,SPY
1700000001279102999,450.4452,450.4227,450.4678,417,SPY
1700000001280532231,450.3525,450.3299,450.3750,11,SPY
1700000001281501933,450.3636,450.3411,450.3861,432,SPY
1700000001282717680,450.3257,450.3032,450.3482,214,SPY
1700000001283309791,450.3942,450.3717,450.4167,350,SPY
1700000001284083899,450.3695,450.3470,450.3920,395,SPY
1700000001285751665,450.2707,450.2481,450.2932,463,SPY
1700000001287222879,450.3611,450.3386,450.3836,222,SPY
1700000001288987533,450.4095,450.3869,450.4320,319,SPY
1700000001289245557,450.4319,450.4094,450.4544,267,SPY
1700000001290547896,450.3847,450.3622,450.4072,218,SPY
1700000001291760906,450.4362,450.4137,450.4587,434,SPY
1700000001292374099,450.4643,450.4418,450.4869,73,SPY
1700000001293197771,450.4206,450.3980,450.4431,53,SPY
1700000001293434789,450.5301,450.5076,450.5527,218,SPY
1700000001293738266,450.5572,450.5347,450.5798,80,SPY
1700000001294921109,450.5761,450.5535,450.5986,88,SPY
1700000001296814681,450.5486,450.5261,450.5711,420,SPY
1700000001298539680,450.5313,450.5087,450.5538,354,SPY
1700000001298934562,450.5837,450.5611,450.6062,169,SPY
1700000001299930535,450.5813,450.5588,450.6038,185,SPY
1700000001300968264,450.4350,450.4125,450.4575,290,SPY
1700000001302267428,450.6160,450.5935,450.6385,225,SPY
1700000001304209786,450.6508,450.6282,450.6733,298,SPY
1700000001305831407,450.6176,450.5950,450.6401,44,SPY
1700000001307195066,450.8081,450.7855,450.8306,44,SPY
1700000001309148426,450.9639,450.9414,450.9865,412,SPY
1700000001309263342,450.9762,450.9536,450.9987,3,SPY
1700000001309503789,450.9880,450.9655,451.0106,216,SPY
1700000001311393160,451.0432,451.0206,451.0657,135,SPY
1700000001312786064,451.0790,451.0564,451.1015,222,SPY
1700000001314507274,451.0577,451.0352,451.0803,109,SPY
1700000001315026042,451.0041,450.9815,451.0266,255,SPY
1700000001316517986,451.0278,451.0052,451.0503,21,SPY
1700000001318444008,450.9935,450.9709,451.0160,20,SPY
1700000001319456253,451.0082,450.9856,451.0307,7,SPY
1700000001319614751,450.9383,450.9157,450.9608,223,SPY
1700000001320940416,451.0070,450.9845,451.0296,455,SPY
1700000001322466557,450.9256,450.9031,450.9482,442,SPY
1700000001324434276,450.8469,450.8243,450.8694,385,SPY
1700000001325400635,450.7253,450.7028,450.7478,158,SPY
1700000001325849520,450.6870,450.6645,450.7096,254,SPY
1700000001327071224,450.6473,450.6247,450.6698,451,SPY
1700000001327233509,450.5765,450.5540,450.5990,204,SPY
1700000001328006334,450.5954,450.5729,450.6179,78,SPY
1700000001328749012,450.6658,450.6433,450.6884,464,SPY
1700000001329647047,450.6753,450.6528,450.6978,306,SPY
1700000001330802331,450.8034,450.7809,450.8260,324,SPY
1700000001331234788,450.7269,450.7044,450.7494,479,SPY
1700000001332309403,450.7768,450.7542,450.7993,500,SPY
1700000001334084661,450.6950,450.6725,450.7176,242,SPY
1700000001334700708,450.5782,450.5557,450.6007,2,SPY
1700000001335918759,450.4952,450.4727,450.5177,163,SPY
1700000001337357822,450.5281,450.5056,450.5506,334,SPY
1700000001338672215,450.5318,450.5092,450.5543,39,SPY
1700000001339997019,450.4869,450.4643,450.5094,123,SPY
1700000001341782630,450.3442,450.3217,450.3667,310,SPY
1700000001342440026,450.2535,450.2310,450.2760,213,SPY
1700000001344073149,450.4122,450.3897,450.4347,180,SPY
1700000001345315080,450.3281,450.3056,450.3506,485,SPY
1700000001345787235,450.2653,450.2428,450.2878,275,SPY
1700000001347416687,450.2673,450.2448,450.2898,446,SPY
1700000001347893908,450.2442,450.2217,450.2668,418,SPY
1700000001349246235,450.3159,450.2934,450.3384,273,SPY
1700000001349671510,450.3552,450.3327,450.3777,416,SPY
1700000001349943616,450.2815,450.2590,450.3040,409,SPY
1700000001350353991,450.3590,450.3364,450.3815,37,SPY
1700000001352249665,450.3636,450.3411,450.3861,284,SPY
1700000001352588273,450.3391,450.3166,450.3616,105,SPY
1700000001353147386,450.2341,450.2116,450.2566,442,SPY
1700000001354329524,450.3328,450.3102,450.3553,102,SPY
1700000001355412969,450.2892,450.2667,450.3117,492,SPY
1700000001356088852,450.3398,450.3173,450.3623,39,SPY
1700000001356236089,450.2517,450.2292,450.2742,391,SPY
1700000001356944531,450.3086,450.2860,450.3311,229,SPY
1700000001358730958,450.2816,450.2591,450.3041,189,SPY
1700000001360143451,450.2753,450.2528,450.2978,192,SPY
1700000001360638172,450.2904,450.2679,450.3129,115,SPY
1700000001362495254,450.3171,450.2946,450.3396,1,SPY
1700000001363248538,450.2714,450.2489,450.2939,460,SPY
1700000001363613439,450.0882,450.0657,450.1107,61,SPY
1700000001363969334,450.0465,450.0240,450.0690,484,SPY
1700000001364844338,450.0703,450.0478,450.0928,321,SPY
1700000001365986890,449.9542,449.9317,449.9767,113,SPY
1700000001367108900,449.9067,449.8842,449.9292,16,SPY
1700000001368152414,449.8611,449.8386,449.8836,370,SPY
1700000001369330254,449.8189,449.7964,449.8414,424,SPY
1700000001369927272,449.8685,449.8460,449.8910,347,SPY
1700000001371453667,449.9105,449.8880,449.9330,312,SPY
1700000001372920023,449.8894,449.8669,449.9119,481,SPY
1700000001374293819,449.8096,449.7871,449.8321,223,SPY
1700000001376112568,449.7191,449.6966,449.7416,472,SPY
1700000001377771062,449.6871,449.6646,449.7096,16,SPY
1700000001378378357,449.6949,449.6724,449.7174,411,SPY
1700000001380272667,449.6348,449.6123,449.6573,153,SPY
1700000001381922489,449.6340,449.6116,449.6565,178,SPY
1700000001383205458,449.5634,449.5409,449.5859,264,SPY
1700000001385078872,449.6443,449.6218,449.6667,119,SPY
1700000001385511059,449.6586,449.6361,449.6811,70,SPY
1700000001386176358,449.6992,449.6767,449.7217,235,SPY
1700000001386735537,449.7181,449.6956,449.7406,424,SPY
1700000001388440589,449.4927,449.4702,449.5152,27,SPY
1700000001390132846,449.5983,449.5758,449.6208,141,SPY
1700000001390951681,449.6158,449.5933,449.6382,57,SPY
1700000001391075660,449.6149,449.5924,449.6374,350,SPY
1700000001392012921,449.6183,449.5958,449.6408,89,SPY
1700000001393477664,449.6761,449.6536,449.6985,99,SPY
1700000001394767969,449.6742,449.6517,449.6967,370,SPY
1700000001396685336,449.7406,449.7181,449.7631,482,SPY
1700000001397048108,449.6816,449.6591,449.7040,224,SPY
1700000001398417210,449.7467,449.7242,449.7691,64,SPY
1700000001400181919,449.8310,449.8085,449.8535,271,SPY
1700000001402066755,449.8583,449.8358,449.8808,387,SPY
1700000001403428870,449.7837,449.7612,449.8062,359,SPY
1700000001405000239,449.5715,449.5490,449.5939,21,SPY
1700000001406981157,449.7630,449.7405,449.7855,167,SPY
1700000001407789962,449.6915,449.6690,449.7139,291,SPY
1700000001409211556,449.8116,449.7891,449.8341,326,SPY
1700000001410710811,449.7679,449.7454,449.7904,367,SPY
1700000001412341437,449.5478,449.5253,449.5703,442,SPY
1700000001412475745,449.6174,449.5949,449.6399,371,SPY
1700000001413724138,449.8437,449.8213,449.8662,324,SPY
1700000001415258371,449.6516,449.6291,449.6740,102,SPY
1700000001416230299,449.6784,449.6559,449.7009,160,SPY
1700000001416640589,449.6377,449.6152,449.6602,487,SPY
1700000001417291638,449.8463,449.8238,449.8688,400,SPY
1700000001418659217,449.6228,449.6003,449.6452,213,SPY
1700000001419236699,449.7185,449.6960,449.7409,130,SPY
1700000001420420667,449.7317,449.7092,449.7542,177,SPY
1700000001421931084,449.8145,449.7920,449.8370,457,SPY
1700000001423581310,449.7023,449.6798,449.7248,154,SPY
1700000001423806847,449.7917,449.7692,449.8142,207,SPY
1700000001425686060,449.8679,449.8454,449.8904,56,SPY
1700000001425878184,449.8171,449.7946,449.8396,440,SPY
1700000001426102828,449.8927,449.8703,449.9152,480,SPY
1700000001426657282,449.8472,449.8248,449.8697,241,SPY
1700000001427132979,449.7168,449.6943,449.7393,105,SPY
1700000001427448168,449.7830,449.7605,449.8055,386,SPY
1700000001428508205,449.7655,449.7430,449.7879,85,SPY
1700000001430386126,449.8040,449.7816,449.8265,392,SPY
1700000001431037406,449.7080,449.6855,449.7304,305,SPY
1700000001432622013,449.6790,449.6565,449.7014,102,SPY
1700000001433132761,449.7689,449.7464,449.7913,196,SPY
1700000001433358778,449.6235,449.6010,449.6460,408,SPY
1700000001434309761,449.4953,449.4729,449.5178,279,SPY
1700000001435383476,449.6102,449.5877,449.6327,73,SPY
1700000001436067557,449.6849,449.6624,449.7074,100,SPY
1700000001436344425,449.5227,449.5002,449.5452,315,SPY
1700000001436753407,449.3682,449.3457,449.3907,350,SPY
1700000001437028770,449.3074,449.2849,449.3299,125,SPY
1700000001438294551,449.3201,449.2976,449.3425,4,SPY
1700000001439880102,449.2388,449.2163,449.2612,71,SPY
1700000001441638466,449.2636,449.2411,449.2861,98,SPY
1700000001442793263,449.3787,449.3563,449.4012,303,SPY
1700000001444086107,449.4934,449.4709,449.5159,223,SPY
1700000001445950644,449.4287,449.4063,449.4512,299,SPY
1700000001447596184,449.5683,449.5459,449.5908,13,SPY
1700000001448016862,449.7741,449.7516,449.7965,355,SPY
1700000001449123031,449.7946,449.7722,449.8171,496,SPY
1700000001449592954,449.6307,449.6082,449.6532,261,SPY
1700000001451201068,449.7017,449.6792,449.7242,339,SPY
1700000001452435427,449.5353,449.5128,449.5577,465,SPY
1700000001453233444,449.5583,449.5359,449.5808,104,SPY
1700000001453607679,449.5080,449.4855,449.5304,112,SPY
1700000001454367118,449.4932,449.4708,449.5157,331,SPY
1700000001455840666,449.3244,449.3019,449.3468,183,SPY
1700000001456580843,449.3316,449.3091,449.3540,288,SPY
1700000001457167069,449.3308,449.3083,449.3532,467,SPY
1700000001458858515,449.1968,449.1743,449.2193,311,SPY
1700000001460188664,449.2887,449.2663,449.3112,401,SPY
1700000001461663084,449.2930,449.2705,449.3155,162,SPY
1700000001461908984,449.1779,449.1554,449.2003,213,SPY
1700000001463469521,449.1610,449.1385,449.1835,330,SPY
1700000001463877986,449.2001,449.1777,449.2226,71,SPY
1700000001465262618,449.1770,449.1545,449.1994,58,SPY
1700000001467234273,449.2045,449.1820,449.2269,47,SPY
1700000001467442336,449.1940,449.1715,449.2165,48,SPY
1700000001468579193,449.1580,449.1356,449.1805,47,SPY
1700000001469566045,449.1060,449.0836,449.1285,463,SPY
1700000001470477358,449.2055,449.1831,449.2280,399,SPY
1700000001472138229,449.2481,449.2257,449.2706,327,SPY
1700000001472798947,449.3427,449.3203,449.3652,48,SPY
1700000001473610192,449.4106,449.3881,449.4331,105,SPY
1700000001474702691,449.5021,449.4797,449.5246,19,SPY
1700000001475113756,449.6308,449.6084,449.6533,51,SPY
1700000001476988374,449.4943,449.4718,449.5167,106,SPY
1700000001477244126,449.4980,449.4755,449.5205,91,SPY
1700000001478521910,449.6531,449.6306,449.6756,477,SPY
1700000001479640927,449.5091,449.4866,449.5316,21,SPY
1700000001481083706,449.5452,449.5227,449.5676,459,SPY
1700000001482800819,449.5085,449.4860,449.5309,91,SPY
1700000001483087558,449.3646,449.3421,449.3871,102,SPY
1700000001483401216,449.3832,449.3608,449.4057,476,SPY
1700000001485371222,449.4298,449.4073,449.4523,348,SPY
1700000001487164810,449.3785,449.3560,449.4009,397,SPY
1700000001489029472,449.4448,449.4223,449.4673,226,SPY
1700000001490801458,449.4091,449.3866,449.4316,204,SPY
1700000001492600554,449.5503,449.5278,449.5727,306,SPY
1700000001494154661,449.5567,449.5343,449.5792,401,SPY
1700000001494839161,449.5567,449.5342,449.5792,212,SPY
1700000001496287540,449.3326,449.3101,449.3551,78,SPY
1700000001496560786,449.4165,449.3941,449.4390,309,SPY
1700000001498473442,449.2826,449.2601,449.3050,282,SPY
1700000001498986294,449.2762,449.2538,449.2987,1,SPY
1700000001500984344,449.3500,449.3275,449.3725,132,SPY
1700000001502011739,449.4832,449.4607,449.5056,14,SPY
1700000001503001918,449.4709,449.4484,449.4933,406,SPY
1700000001503984177,449.3803,449.3579,449.4028,171,SPY
1700000001504627630,449.2067,449.1842,449.2291,457,SPY
1700000001505670262,449.2094,449.1869,449.2318,423,SPY
1700000001507593499,449.2047,449.1822,449.2272,378,SPY
1700000001508705631,449.1428,449.1203,449.1652,475,SPY
1700000001509807580,449.2026,449.1801,449.2250,107,SPY
1700000001511383254,449.2815,449.2590,449.3039,430,SPY
1700000001511594926,449.1120,449.0895,449.1345,228,SPY
1700000001512185477,449.0032,448.9807,449.0256,380,SPY
1700000001514135040,449.0977,449.0752,449.1202,484,SPY
1700000001515261514,449.1014,449.0790,449.1239,48,SPY
1700000001515374496,448.9196,448.8971,448.9420,482,SPY
1700000001516498127,448.8825,448.8600,448.9049,336,SPY
1700000001518182494,448.8573,448.8349,448.8797,201,SPY
1700000001520165796,448.7025,448.6800,448.7249,93,SPY
1700000001520454019,448.6143,448.5918,448.6367,85,SPY
1700000001520559045,448.6383,448.6159,448.6608,39,SPY
1700000001521045544,448.4708,448.4484,448.4933,145,SPY
1700000001522113077,448.3287,448.3063,448.3511,191,SPY
1700000001522887335,448.3129,448.2905,448.3353,81,SPY
1700000001523336477,448.2650,448.2426,448.2874,286,SPY
1700000001524590469,448.2525,448.2301,448.2749,49,SPY
1700000001524927369,448.3215,448.2991,448.3439,1,SPY
1700000001526871575,448.2521,448.2297,448.2745,229,SPY
1700000001528416677,448.1559,448.1335,448.1783,438,SPY
1700000001529382159,448.0569,448.0345,448.0793,45,SPY
1700000001529716315,447.9611,447.9387,447.9835,133,SPY
1700000001531266971,448.0642,448.0418,448.0866,183,SPY
1700000001532772636,448.0606,448.0382,448.0831,36,SPY
1700000001533305499,448.0848,448.0624,448.1072,104,SPY
1700000001534234221,448.0973,448.0749,448.1197,144,SPY
1700000001535202938,448.0010,447.9786,448.0234,110,SPY
1700000001536695389,447.9116,447.8892,447.9340,451,SPY
1700000001537066283,447.8533,447.8309,447.8757,456,SPY
1700000001538486382,447.7520,447.7296,447.7744,30,SPY
1700000001538837452,447.8991,447.8767,447.9215,223,SPY
1700000001540279596,447.7829,447.7605,447.8053,441,SPY
1700000001541494010,447.7161,447.6937,447.7385,304,SPY
1700000001542848289,447.6875,447.6651,447.7099,165,SPY
1700000001544774187,447.6557,447.6333,447.6781,196,SPY
1700000001545075016,447.4698,447.4474,447.4922,441,SPY
1700000001546831691,447.5684,447.5460,447.5907,374,SPY
1700000001547281485,447.4448,447.4224,447.4672,351,SPY
1700000001549277818,447.3637,447.3414,447.3861,448,SPY
1700000001550072083,447.3384,447.3161,447.3608,79,SPY
1700000001552060905,447.4397,447.4173,447.4621,409,SPY
1700000001552269021,447.4193,447.3969,447.4417,200,SPY
1700000001554137311,447.4225,447.4001,447.4449,278,SPY
1700000001555468849,447.3954,447.3730,447.4177,10,SPY
1700000001556051661,447.3426,447.3203,447.3650,261,SPY
1700000001556400665,447.2241,447.2017,447.2465,80,SPY
1700000001556730876,447.2930,447.2706,447.3154,360,SPY
1700000001557152822,447.4019,447.3796,447.4243,106,SPY
1700000001557361023,447.4296,447.4072,447.4519,201,SPY
1700000001558858427,447.6252,447.6028,447.6475,42,SPY
1700000001560618150,447.6489,447.6265,447.6713,359,SPY
1700000001562560444,447.6017,447.5794,447.6241,376,SPY
1700000001564068742,447.5989,447.5766,447.6213,271,SPY
1700000001565089717,447.6327,447.6103,447.6551,499,SPY
1700000001565271206,447.6836,447.6612,447.7060,235,SPY
1700000001566731650,447.7095,447.6871,447.7319,371,SPY
1700000001566982321,447.7418,447.7194,447.7642,357,SPY
1700000001567317214,447.5943,447.5719,447.6166,201,SPY
1700000001569112052,447.5713,447.5489,447.5937,59,SPY
1700000001570252336,447.6440,447.6216,447.6663,273,SPY
1700000001570764983,447.5787,447.5563,447.6010,219,SPY
1700000001570997762,447.6163,447.5939,447.6387,8,SPY
1700000001572467560,447.6686,447.6462,447.6910,420,SPY
1700000001573388719,447.6058,447.5834,447.6282,414,SPY
1700000001573645669,447.7020,447.6796,447.7244,477,SPY
1700000001574639537,447.5695,447.5471,447.5919,418,SPY
1700000001575023338,447.6693,447.6469,447.6917,341,SPY
1700000001575157514,447.8516,447.8292,447.8740,275,SPY
1700000001575703515,447.7060,447.6836,447.7283,255,SPY
1700000001577643605,447.5976,447.5752,447.6199,20,SPY
1700000001579233409,447.5827,447.5603,447.6050,315,SPY
1700000001580715028,447.5731,447.5507,447.5955,262,SPY
1700000001582492820,447.5781,447.5557,447.6004,422,SPY
1700000001584208948,447.4347,447.4124,447.4571,52,SPY
1700000001585591818,447.6369,447.6145,447.6593,373,SPY
1700000001587532643,447.6102,447.5878,447.6325,364,SPY
1700000001588207011,447.6136,447.5913,447.6360,491,SPY
1700000001589489026,447.7183,447.6960,447.7407,439,SPY
1700000001590521182,447.6315,447.6091,447.6539,109,SPY
1700000001591420119,447.7448,447.7224,447.7672,387,SPY
1700000001592447597,447.6363,447.6139,447.6587,95,SPY
1700000001593011244,447.7716,447.7492,447.7940,355,SPY
1700000001594697296,447.8519,447.8295,447.8743,173,SPY
1700000001596205757,447.8512,447.8288,447.8736,432,SPY
1700000001597150041,447.8893,447.8669,447.9117,481,SPY
1700000001597283711,447.8456,447.8232,447.8680,111,SPY
1700000001599104628,447.9642,447.9418,447.9866,108,SPY
1700000001600668924,448.2108,448.1884,448.2332,40,SPY
1700000001602225471,448.3415,448.3191,448.3639,118,SPY
1700000001602489878,448.3799,448.3575,448.4023,403,SPY
1700000001603840756,448.4703,448.4479,448.4927,484,SPY
1700000001605297550,448.5406,448.5182,448.5631,67,SPY
1700000001607017708,448.6528,448.6303,448.6752,446,SPY
1700000001608901630,448.6696,448.6472,448.6921,481,SPY
1700000001609357571,448.6067,448.5843,448.6292,220,SPY
1700000001611083676,448.6004,448.5780,448.6229,186,SPY
1700000001611976631,448.5771,448.5547,448.5995,32,SPY
1700000001612956102,448.5105,448.4881,448.5329,459,SPY
1700000001613975260,448.4253,448.4029,448.4477,329,SPY
1700000001614940205,448.3697,448.3473,448.3921,65,SPY
1700000001616679193,448.4519,448.4295,448.4743,381,SPY
1700000001618654028,448.4582,448.4358,448.4807,79,SPY
1700000001619668363,448.4358,448.4134,448.4582,244,SPY
1700000001621399239,448.4254,448.4030,448.4478,278,SPY
1700000001623290926,448.4245,448.4020,448.4469,478,SPY
1700000001624198142,448.3250,448.3026,448.3475,466,SPY
1700000001626068312,448.1958,448.1734,448.2182,478,SPY
1700000001626801374,448.0471,448.0247,448.0695,110,SPY
1700000001627762240,448.0229,448.0005,448.0453,60,SPY
1700000001628037237,448.1158,448.0934,448.1382,56,SPY
1700000001628169549,448.2324,448.2100,448.2548,403,SPY
1700000001628372216,448.1252,448.1028,448.1476,66,SPY
1700000001629426580,448.0241,448.0017,448.0465,123,SPY
1700000001630646592,447.9931,447.9707,448.0155,458,SPY
1700000001632596078,448.0112,447.9888,448.0336,22,SPY
1700000001634000005,447.9548,447.9324,447.9772,345,SPY
1700000001634235094,448.0840,448.0616,448.1064,314,SPY
1700000001634863758,447.9090,447.8866,447.9314,29,SPY
1700000001636000703,447.7698,447.7474,447.7922,294,SPY
1700000001637037286,447.7574,447.7350,447.7797,347,SPY
1700000001638965938,447.8578,447.8354,447.8802,38,SPY
1700000001639855826,448.0771,448.0547,448.0995,200,SPY
1700000001641671429,447.9289,447.9065,447.9513,67,SPY
1700000001643662790,447.8546,447.8322,447.8770,137,SPY
1700000001644020728,447.7675,447.7451,447.7899,486,SPY
1700000001644150433,447.7377,447.7153,447.7601,387,SPY
1700000001645729701,447.5920,447.5696,447.6144,287,SPY
1700000001646515098,447.6541,447.6317,447.6765,86,SPY
1700000001648280549,447.7410,447.7187,447.7634,468,SPY
1700000001650248194,447.8190,447.7966,447.8414,420,SPY
1700000001650795828,447.7437,447.7214,447.7661,179,SPY
1700000001652552971,447.7778,447.7555,447.8002,426,SPY
1700000001653471434,447.8266,447.8042,447.8490,356,SPY
1700000001654806181,447.8828,447.8604,447.9052,112,SPY
1700000001655430743,447.7032,447.6808,447.7256,253,SPY
1700000001655595344,447.7786,447.7562,447.8010,218,SPY
1700000001656403567,447.6635,447.6411,447.6859,332,SPY
1700000001657363821,447.7198,447.6974,447.7422,450,SPY
1700000001658987568,447.7203,447.6979,447.7427,338,SPY
1700000001660245098,447.8677,447.8453,447.8900,469,SPY
1700000001661968440,447.8123,447.7899,447.8347,108,SPY
1700000001663285643,447.6763,447.6539,447.6987,131,SPY
1700000001663708390,447.5879,447.5655,447.6103,86,SPY
1700000001665130884,447.6598,447.6374,447.6822,82,SPY
1700000001665826515,447.7299,447.7075,447.7523,194,SPY
1700000001665994453,447.7307,447.7083,447.7531,10,SPY
1700000001667559162,447.7621,447.7397,447.7845,80,SPY
1700000001669101761,447.6806,447.6582,447.7030,312,SPY
1700000001669664418,447.6250,447.6026,447.6474,186,SPY
1700000001670838686,447.5141,447.4917,447.5365,396,SPY
1700000001672325723,447.3940,447.3716,447.4164,166,SPY
1700000001672921753,447.3868,447.3644,447.4092,446,SPY
1700000001673146476,447.5417,447.5193,447.5641,96,SPY
1700000001673761862,447.4491,447.4268,447.4715,212,SPY
1700000001674063957,447.4162,447.3938,447.4386,332,SPY
1700000001674800773,447.4845,447.4622,447.5069,352,SPY
1700000001676314727,447.4287,447.4063,447.4511,114,SPY
1700000001676637181,447.3790,447.3566,447.4013,386,SPY
1700000001678320296,447.3726,447.3502,447.3949,281,SPY
1700000001678516048,447.2185,447.1961,447.2408,54,SPY
1700000001680387745,447.1266,447.1042,447.1489,76,SPY
1700000001682372525,447.1820,447.1597,447.2044,370,SPY
1700000001682579782,447.0210,446.9986,447.0433,403,SPY
1700000001683234551,446.7863,446.7640,446.8086,306,SPY
1700000001683608320,446.6388,446.6165,446.6611,461,SPY
1700000001685271727,446.6733,446.6510,446.6957,92,SPY
1700000001685679231,446.6393,446.6170,446.6617,215,SPY
1700000001686531963,446.7254,446.7031,446.7478,373,SPY
1700000001688068656,446.7733,446.7509,446.7956,291,SPY
1700000001690062576,446.7853,446.7629,446.8076,465,SPY
1700000001690297479,446.8876,446.8653,446.9100,428,SPY
1700000001691620265,446.8343,446.8120,446.8567,436,SPY
1700000001692265361,446.7833,446.7610,446.8056,93,SPY
1700000001693338563,446.7298,446.7075,446.7522,333,SPY
1700000001694779919,446.8492,446.8269,446.8716,410,SPY
1700000001696536380,446.8034,446.7811,446.8257,34,SPY
1700000001698520914,446.7758,446.7535,446.7982,202,SPY
1700000001700399615,446.7329,446.7106,446.7553,292,SPY
1700000001702360869,446.7910,446.7686,446.8133,485,SPY
1700000001703540142,446.7486,446.7263,446.7710,356,SPY
1700000001704642735,446.7780,446.7556,446.8003,407,SPY
1700000001705329073,446.5927,446.5703,446.6150,350,SPY
1700000001705567088,446.5644,446.5421,446.5868,457,SPY
1700000001706239186,446.5913,446.5690,446.6137,22,SPY
1700000001707617771,446.6293,446.6070,446.6517,160,SPY
1700000001709509506,446.6115,446.5892,446.6339,421,SPY
1700000001710419590,446.6962,446.6739,446.7185,262,SPY
1700000001711277445,446.5963,446.5740,446.6187,480,SPY
1700000001712652211,446.6138,446.5915,446.6361,236,SPY
1700000001713344855,446.4843,446.4620,446.5066,365,SPY
1700000001714302870,446.4431,446.4208,446.4655,312,SPY
1700000001715074320,446.5618,446.5394,446.5841,268,SPY
1700000001716760941,446.4244,446.4021,446.4467,63,SPY
1700000001717205555,446.4880,446.4657,446.5103,80,SPY
1700000001717892022,446.5000,446.4777,446.5224,462,SPY
1700000001719516162,446.5423,446.5200,446.5646,220,SPY
1700000001720632367,446.4782,446.4559,446.5005,213,SPY
1700000001721670874,446.5270,446.5046,446.5493,186,SPY
1700000001722151057,446.5858,446.5635,446.6081,481,SPY
1700000001723029783,446.5657,446.5434,446.5881,105,SPY
1700000001724438331,446.5992,446.5768,446.6215,359,SPY
1700000001725452149,446.6491,446.6268,446.6715,266,SPY
1700000001727136728,446.6675,446.6452,446.6899,257,SPY
1700000001728844387,446.5653,446.5430,446.5877,324,SPY
1700000001729705887,446.5409,446.5186,446.5633,466,SPY
1700000001730435144,446.5321,446.5098,446.5544,90,SPY
1700000001731241079,446.5984,446.5761,446.6207,163,SPY
1700000001732278800,446.4735,446.4512,446.4958,127,SPY
1700000001734038835,446.5290,446.5067,446.5513,222,SPY
1700000001734347776,446.5654,446.5431,446.5878,32,SPY
1700000001736198394,446.6123,446.5900,446.6346,94,SPY
1700000001737976019,446.7000,446.6776,446.7223,88,SPY
1700000001738586101,446.7419,446.7195,446.7642,240,SPY
1700000001740246289,446.6823,446.6599,446.7046,201,SPY
1700000001742010106,446.7172,446.6949,446.7396,435,SPY
1700000001743135795,446.8204,446.7981,446.8428,286,SPY
1700000001743524753,446.7319,446.7095,446.7542,121,SPY
1700000001744759463,446.6164,446.5940,446.6387,259,SPY
1700000001746027662,446.6528,446.6304,446.6751,32,SPY
1700000001746508845,446.6545,446.6322,446.6769,47,SPY
1700000001747459746,446.6973,446.6749,446.7196,23,SPY
1700000001748224537,446.7794,446.7570,446.8017,197,SPY
1700000001749176618,446.8201,446.7977,446.8424,414,SPY
1700000001750991811,446.9114,446.8890,446.9337,23,SPY
1700000001752227410,447.0113,446.9889,447.0336,164,SPY
1700000001752413913,447.0245,447.0021,447.0468,111,SPY
1700000001753292969,446.9945,446.9721,447.0168,138,SPY
1700000001754952855,446.9495,446.9272,446.9719,354,SPY
1700000001755391753,446.8995,446.8772,446.9219,294,SPY
1700000001755848073,447.0105,446.9882,447.0329,238,SPY
1700000001756352807,446.8512,446.8289,446.8735,29,SPY
1700000001757973167,446.9597,446.9374,446.9821,468,SPY
1700000001759392848,447.0336,447.0112,447.0559,486,SPY
1700000001761133795,446.9802,446.9578,447.0025,95,SPY
1700000001763131950,446.8385,446.8162,446.8608,432,SPY
1700000001763717042,446.7966,446.7743,446.8189,215,SPY
1700000001764631588,446.7050,446.6827,446.7273,386,SPY
1700000001765651132,446.5492,446.5269,446.5715,28,SPY
1700000001766190266,446.5592,446.5369,446.5816,149,SPY
1700000001767056572,446.5760,446.5537,446.5983,248,SPY
1700000001768317035,446.5346,446.5123,446.5569,48,SPY
1700000001769156775,446.6736,446.6512,446.6959,123,SPY
1700000001769861507,446.6426,446.6202,446.6649,246,SPY
1700000001771680239,446.7481,446.7257,446.7704,287,SPY
1700000001773150239,446.8311,446.8088,446.8534,128,SPY
1700000001773420500,446.8668,446.8445,446.8892,398,SPY
1700000001774408979,446.8363,446.8139,446.8586,335,SPY
1700000001775107528,447.0172,446.9949,447.0396,487,SPY
1700000001776773987,447.0746,447.0523,447.0970,78,SPY
1700000001778253145,447.0386,447.0163,447.0610,72,SPY
1700000001778438910,447.0041,446.9817,447.0264,172,SPY
1700000001779821720,447.1270,447.1046,447.1494,106,SPY
1700000001781456975,447.1952,447.1728,447.2175,239,SPY
1700000001781950978,447.2553,447.2329,447.2777,136,SPY
1700000001782356768,447.2291,447.2068,447.2515,80,SPY
1700000001784306324,447.1362,447.1138,447.1586,401,SPY
1700000001785955834,447.1253,447.1029,447.1476,319,SPY
1700000001787455521,447.2480,447.2256,447.2703,434,SPY
1700000001788645273,447.1987,447.1763,447.2211,142,SPY
1700000001789120834,447.2063,447.1839,447.2286,289,SPY
1700000001790308822,447.3825,447.3602,447.4049,326,SPY
1700000001791740633,447.3305,447.3081,447.3529,168,SPY
1700000001791998392,447.1757,447.1534,447.1981,221,SPY
1700000001792652655,447.1949,447.1725,447.2172,136,SPY
1700000001794143604,447.1877,447.1653,447.2100,276,SPY
1700000001794843323,447.1607,447.1384,447.1831,326,SPY
1700000001796416530,447.1955,447.1731,447.2178,21,SPY
1700000001798071263,447.1498,447.1275,447.1722,455,SPY
1700000001798652072,447.2025,447.1801,447.2249,223,SPY
1700000001800366835,447.2896,447.2672,447.3119,131,SPY
1700000001800664322,447.2646,447.2422,447.2869,231,SPY
1700000001801484277,447.2118,447.1894,447.2342,130,SPY
1700000001802231142,447.2993,447.2769,447.3216,323,SPY
1700000001803058780,447.3872,447.3648,447.4096,244,SPY
1700000001803769506,447.3481,447.3258,447.3705,489,SPY
1700000001804873780,447.2501,447.2277,447.2725,160,SPY
1700000001806538988,447.2955,447.2732,447.3179,477,SPY
1700000001806965423,447.2413,447.2190,447.2637,480,SPY
1700000001807154110,447.2195,447.1971,447.2419,356,SPY
1700000001808026962,447.1887,447.1664,447.2111,456,SPY
1700000001809704594,447.1020,447.0797,447.1244,454,SPY
1700000001810670165,447.2008,447.1784,447.2231,352,SPY
1700000001812357959,447.2292,447.2068,447.2515,260,SPY
1700000001813224006,447.1429,447.1205,447.1652,295,SPY
1700000001813566763,446.9777,446.9554,447.0001,175,SPY
1700000001814228757,446.9701,446.9477,446.9924,292,SPY
1700000001815816493,447.0009,446.9786,447.0233,381,SPY
1700000001816942322,446.8608,446.8384,446.8831,71,SPY
1700000001818822342,446.8298,446.8075,446.8522,366,SPY
1700000001819213692,446.8599,446.8375,446.8822,372,SPY
1700000001820467240,446.9178,446.8955,446.9401,181,SPY
1700000001821481952,446.7817,446.7594,446.8040,217,SPY
1700000001822380081,446.6973,446.6749,446.7196,110,SPY
1700000001824014716,446.5553,446.5330,446.5776,229,SPY
1700000001825989087,446.5324,446.5101,446.5548,188,SPY
1700000001827130395,446.5297,446.5073,446.5520,2,SPY
1700000001827528240,446.4412,446.4189,446.4635,475,SPY
1700000001829279534,446.3419,446.3196,446.3642,336,SPY
1700000001830283987,446.2288,446.2065,446.2511,500,SPY
1700000001830625599,446.2185,446.1962,446.2408,114,SPY
1700000001831593997,446.1066,446.0843,446.1289,145,SPY
1700000001832976098,446.1972,446.1749,446.2195,373,SPY
1700000001833793663,446.1422,446.1199,446.1645,108,SPY
1700000001834245285,446.1721,446.1498,446.1944,354,SPY
1700000001834987362,446.0904,446.0681,446.1127,93,SPY
1700000001836416306,446.0800,446.0577,446.1023,101,SPY
1700000001836756891,446.0989,446.0766,446.1212,293,SPY
1700000001838224676,446.1752,446.1529,446.1975,237,SPY
1700000001839655847,446.1707,446.1484,446.1930,270,SPY
1700000001840003278,446.2041,446.1818,446.2264,245,SPY
1700000001840331450,446.2590,446.2367,446.2813,421,SPY
1700000001841731107,446.2882,446.2659,446.3106,224,SPY
1700000001842964195,446.3965,446.3741,446.4188,355,SPY
1700000001844752913,446.4285,446.4062,446.4509,81,SPY
1700000001845928249,446.3797,446.3574,446.4020,374,SPY
1700000001846750881,446.3590,446.3366,446.3813,273,SPY
1700000001848173042,446.3594,446.3371,446.3817,377,SPY
1700000001849994878,446.3799,446.3576,446.4022,267,SPY
1700000001851027779,446.3457,446.3234,446.3680,154,SPY
1700000001851639884,446.4330,446.4107,446.4553,327,SPY
1700000001852448438,446.3807,446.3584,446.4030,308,SPY
1700000001853062705,446.5022,446.4799,446.5245,140,SPY
1700000001854274092,446.7329,446.7106,446.7553,323,SPY
1700000001854383207,446.8714,446.8491,446.8938,77,SPY
1700000001855279340,446.9134,446.8911,446.9358,147,SPY
1700000001856544450,447.0032,446.9808,447.0255,329,SPY
1700000001857532337,446.9609,446.9386,446.9833,326,SPY
1700000001858306839,446.9958,446.9734,447.0181,104,SPY
1700000001859760771,447.0538,447.0315,447.0762,472,SPY
1700000001861130221,446.9952,446.9729,447.0176,259,SPY
1700000001862167943,446.9341,446.9118,446.9565,20,SPY
1700000001862381031,446.9211,446.8987,446.9434,275,SPY
1700000001863172359,446.8218,446.7995,446.8441,146,SPY
1700000001863714985,446.8064,446.7840,446.8287,145,SPY
1700000001864199405,446.7427,446.7204,446.7651,383,SPY
1700000001866107638,446.7022,446.6799,446.7246,365,SPY
1700000001867579168,446.7899,446.7675,446.8122,463,SPY
1700000001868898555,446.4948,446.4725,446.5171,371,SPY
1700000001870797480,446.5637,446.5413,446.5860,53,SPY
1700000001871954188,446.5704,446.5481,446.5927,264,SPY
1700000001873780758,446.7077,446.6854,446.7301,61,SPY
1700000001874253327,446.7719,446.7495,446.7942,354,SPY
1700000001875141269,446.7470,446.7246,446.7693,483,SPY
1700000001876115244,446.6519,446.6295,446.6742,436,SPY
1700000001876872305,446.6944,446.6720,446.7167,255,SPY
1700000001877618349,446.6751,446.6527,446.6974,393,SPY
1700000001879378141,446.4962,446.4739,446.5185,474,SPY
1700000001879830853,446.3460,446.3237,446.3683,17,SPY
1700000001880506695,446.3914,446.3690,446.4137,60,SPY
1700000001882309126,446.4248,446.4025,446.4471,127,SPY
1700000001883565240,446.5907,446.5684,446.6131,344,SPY
1700000001885039761,446.6055,446.5832,446.6278,59,SPY
1700000001885935837,446.5224,446.5001,446.5447,414,SPY
1700000001887670764,446.6140,446.5916,446.6363,309,SPY
1700000001888281746,446.7007,446.6784,446.7231,268,SPY
1700000001890096408,446.7737,446.7513,446.7960,458,SPY
1700000001891229565,446.8285,446.8061,446.8508,27,SPY
1700000001892825065,446.7055,446.6832,446.7279,475,SPY
1700000001894367823,446.7154,446.6930,446.7377,268,SPY
1700000001896021869,446.7143,446.6920,446.7367,426,SPY
1700000001897906008,446.7898,446.7675,446.8122,487,SPY
1700000001899711656,446.7125,446.6902,446.7348,23,SPY
1700000001900890371,446.7234,446.7010,446.7457,103,SPY
1700000001901466227,446.5971,446.5748,446.6194,399,SPY
1700000001902404278,446.4802,446.4579,446.5025,19,SPY
1700000001903427683,446.4894,446.4671,446.5118,46,SPY
1700000001904767654,446.5571,446.5347,446.5794,133,SPY
1700000001905168437,446.5728,446.5505,446.5952,66,SPY
1700000001907043794,446.4983,446.4759,446.5206,478,SPY
1700000001908663630,446.4090,446.3867,446.4313,145,SPY
1700000001910531027,446.4551,446.4328,446.4774,175,SPY
1700000001911489695,446.2957,446.2734,446.3180,465,SPY
1700000001913440655,446.2710,446.2487,446.2933,130,SPY
1700000001915083809,446.1905,446.1682,446.2128,235,SPY
1700000001916027105,446.1631,446.1408,446.1854,484,SPY
1700000001916427951,446.2296,446.2073,446.2519,132,SPY
1700000001917591467,446.2231,446.2008,446.2454,91,SPY
1700000001919259760,446.2846,446.2623,446.3069,148,SPY
1700000001919446073,446.2225,446.2002,446.2449,397,SPY
1700000001919616460,446.3229,446.3006,446.3452,463,SPY
1700000001921456714,446.2349,446.2126,446.2572,123,SPY
1700000001923290083,446.2951,446.2727,446.3174,13,SPY
1700000001924482453,446.3473,446.3250,446.3696,256,SPY
1700000001925676188,446.3846,446.3622,446.4069,231,SPY
1700000001926088210,446.4737,446.4514,446.4960,300,SPY
1700000001927471837,446.4294,446.4071,446.4517,110,SPY
1700000001928749897,446.1968,446.1744,446.2191,107,SPY
1700000001930059878,446.3498,446.3274,446.3721,225,SPY
1700000001931346818,446.3847,446.3624,446.4070,189,SPY
1700000001932259646,446.2276,446.2053,446.2499,51,SPY
1700000001932995443,446.2699,446.2476,446.2923,274,SPY
1700000001933593027,446.3163,446.2940,446.3386,426,SPY
1700000001934166034,446.3617,446.3394,446.3840,96,SPY
1700000001935381671,446.2930,446.2707,446.3153,330,SPY
1700000001936788467,446.3629,446.3406,446.3852,36,SPY
1700000001938696512,446.3432,446.3209,446.3656,80,SPY
1700000001940622544,446.1814,446.1591,446.2037,48,SPY
1700000001942304027,446.2314,446.2091,446.2537,140,SPY
1700000001943817333,446.2696,446.2473,446.2919,498,SPY
1700000001945196389,446.5272,446.5049,446.5496,371,SPY
1700000001946677213,446.4112,446.3889,446.4336,398,SPY
1700000001948426575,446.4867,446.4643,446.5090,40,SPY
1700000001949415635,446.4885,446.4662,446.5108,317,SPY
1700000001949759086,446.3766,446.3543,446.3989,190,SPY
1700000001950245749,446.3849,446.3626,446.4072,185,SPY
1700000001951230100,446.3239,446.3016,446.3462,282,SPY
1700000001952680063,446.3319,446.3095,446.3542,97,SPY
1700000001954595420,446.3550,446.3326,446.3773,202,SPY
1700000001956162582,446.3719,446.3496,446.3943,84,SPY
1700000001956520174,446.3362,446.3139,446.3586,100,SPY
1700000001957660253,446.4154,446.3930,446.4377,391,SPY
1700000001957764888,446.4931,446.4708,446.5154,179,SPY
1700000001958736647,446.4716,446.4493,446.4939,128,SPY
1700000001959670449,446.5387,446.5164,446.5610,104,SPY
1700000001961032706,446.5533,446.5310,446.5756,373,SPY
1700000001962576446,446.4920,446.4696,446.5143,151,SPY
1700000001962867030,446.5144,446.4921,446.5368,9,SPY
1700000001963125152,446.4761,446.4538,446.4984,18,SPY
1700000001963818369,446.4941,446.4717,446.5164,393,SPY
1700000001965327419,446.5806,446.5583,446.6029,220,SPY
1700000001965573395,446.5115,446.4892,446.5338,490,SPY
1700000001966210741,446.4246,446.4022,446.4469,230,SPY
1700000001967170557,446.3906,446.3683,446.4129,161,SPY
1700000001968889464,446.3381,446.3158,446.3604,402,SPY
1700000001970491727,446.2172,446.1949,446.2395,272,SPY
1700000001972280614,446.2311,446.2088,446.2534,172,SPY
1700000001972818963,446.1903,446.1680,446.2126,490,SPY
1700000001974270793,446.2794,446.2571,446.3017,360,SPY
1700000001975410783,446.3213,446.2990,446.3436,131,SPY
1700000001975641559,446.2048,446.1825,446.2271,114,SPY
1700000001977100119,446.0753,446.0530,446.0976,76,SPY
1700000001978779412,445.9983,445.9760,446.0206,347,SPY
1700000001980740767,445.9260,445.9037,445.9483,91,SPY
1700000001982214840,445.9533,445.9310,445.9756,43,SPY
1700000001982423910,445.7773,445.7550,445.7996,402,SPY
1700000001983835047,445.6960,445.6737,445.7183,251,SPY
1700000001984305541,445.6072,445.5850,445.6295,136,SPY
1700000001984663621,445.6821,445.6598,445.7044,155,SPY
1700000001986315070,445.6623,445.6400,445.6846,401,SPY
1700000001987305870,445.7674,445.7451,445.7897,421,SPY
1700000001988050499,445.8076,445.7853,445.8298,434,SPY
1700000001988396176,445.8426,445.8203,445.8649,80,SPY
1700000001990316805,445.9125,445.8902,445.9348,130,SPY
1700000001991570781,445.9660,445.9437,445.9883,186,SPY
1700000001993358423,445.9616,445.9393,445.9839,302,SPY
1700000001993860380,446.0396,446.0173,446.0619,187,SPY
1700000001994971943,445.9590,445.9367,445.9813,257,SPY
1700000001995297318,445.8651,445.8428,445.8874,197,SPY
1700000001995790920,445.8628,445.8405,445.8851,148,SPY
1700000001996762877,445.7727,445.7504,445.7950,490,SPY
1700000001998509144,445.9433,445.9210,445.9656,19,SPY
1700000001999555111,445.9809,445.9586,446.0032,234,SPY
1700000001999875209,446.2405,446.2182,446.2629,420,SPY
1700000002000266356,446.1808,446.1585,446.2031,308,SPY
1700000002001118161,446.0904,446.0681,446.1127,316,SPY
1700000002001747508,446.0716,446.0493,446.0939,28,SPY
1700000002003313617,446.0446,446.0223,446.0669,425,SPY
1700000002004204955,445.8552,445.8329,445.8775,330,SPY
1700000002004779312,445.7963,445.7740,445.8186,140,SPY
1700000002005240856,445.7177,445.6954,445.7399,376,SPY
1700000002005453068,445.8119,445.7896,445.8341,97,SPY
1700000002007192377,445.6988,445.6765,445.7211,344,SPY
1700000002007929000,445.7230,445.7007,445.7453,458,SPY
1700000002008092844,445.7616,445.7394,445.7839,110,SPY
1700000002009455271,445.6944,445.6721,445.7166,186,SPY
1700000002010040997,445.7319,445.7097,445.7542,156,SPY
1700000002010368170,445.7047,445.6824,445.7270,229,SPY
1700000002011257552,445.6503,445.6280,445.6726,295,SPY
1700000002011699279,445.5870,445.5647,445.6093,440,SPY
1700000002012974114,445.6307,445.6084,445.6530,448,SPY
1700000002013539759,445.5631,445.5408,445.5854,454,SPY
1700000002014472523,445.4837,445.4614,445.5060,398,SPY
1700000002015316863,445.4603,445.4380,445.4825,402,SPY
1700000002016669090,445.5334,445.5112,445.5557,227,SPY
1700000002018558805,445.6370,445.6147,445.6593,219,SPY
1700000002019891558,445.6126,445.5904,445.6349,181,SPY
1700000002021420680,445.6058,445.5835,445.6281,291,SPY
1700000002023025801,445.5908,445.5685,445.6131,112,SPY
1700000002024943328,445.7437,445.7214,445.7660,193,SPY
1700000002025827838,445.7085,445.6863,445.7308,391,SPY
1700000002027523143,445.6664,445.6442,445.6887,257,SPY
1700000002028354663,445.7454,445.7231,445.7676,146,SPY
1700000002028629823,445.7902,445.7679,445.8125,190,SPY
1700000002029468905,446.0621,446.0398,446.0844,129,SPY
1700000002031303772,446.0404,446.0181,446.0627,436,SPY
1700000002032902737,446.0637,446.0414,446.0860,436,SPY
1700000002034392427,446.0823,446.0599,446.1046,93,SPY
1700000002035364196,445.9823,445.9600,446.0046,78,SPY
1700000002035600295,445.9401,445.9178,445.9624,233,SPY
1700000002035882100,445.8557,445.8334,445.8780,467,SPY
1700000002036355161,445.8068,445.7845,445.8291,159,SPY
1700000002037813990,445.9111,445.8888,445.9334,467,SPY
1700000002039451748,445.9267,445.9044,445.9490,87,SPY
1700000002039861836,445.8560,445.8337,445.8783,421,SPY
1700000002040231145,445.7675,445.7452,445.7898,83,SPY
1700000002041051608,445.6698,445.6475,445.6921,349,SPY
1700000002041550749,445.7275,445.7052,445.7498,64,SPY
1700000002041906592,445.6101,445.5878,445.6324,490,SPY
1700000002042505605,445.6022,445.5799,445.6245,25,SPY
1700000002042698839,445.7506,445.7283,445.7729,60,SPY
1700000002043683546,445.6908,445.6685,445.7131,249,SPY
1700000002045371185,445.4276,445.4053,445.4499,121,SPY
1700000002046293041,445.4597,445.4375,445.4820,179,SPY
1700000002047067896,445.4241,445.4018,445.4463,217,SPY
1700000002049035903,445.5248,445.5025,445.5471,122,SPY
1700000002049811756,445.4276,445.4053,445.4499,479,SPY
1700000002051792488,445.3993,445.3770,445.4215,364,SPY
1700000002052452940,445.2227,445.2004,445.2450,263,SPY
1700000002053535245,445.2073,445.1850,445.2296,228,SPY
1700000002055219697,445.1306,445.1083,445.1528,123,SPY
1700000002055393950,445.3126,445.2904,445.3349,260,SPY
1700000002056302920,445.2902,445.2680,445.3125,296,SPY
1700000002057368995,445.1825,445.1603,445.2048,268,SPY
1700000002058277298,445.2351,445.2128,445.2573,31,SPY
1700000002058698541,445.2523,445.2300,445.2745,499,SPY
1700000002059818695,445.2982,445.2759,445.3204,158,SPY
1700000002060317613,445.2428,445.2206,445.2651,423,SPY
1700000002061629699,445.2844,445.2622,445.3067,99,SPY
1700000002062702931,445.2252,445.2030,445.2475,282,SPY
1700000002063736733,445.2211,445.1989,445.2434,386,SPY
1700000002065069737,445.1332,445.1109,445.1555,1,SPY
1700000002065998178,445.1928,445.1706,445.2151,466,SPY
1700000002067329911,445.0464,445.0242,445.0687,338,SPY
1700000002069011581,445.1437,445.1214,445.1659,393,SPY
1700000002070856122,445.2200,445.1978,445.2423,435,SPY
1700000002072138309,445.2963,445.2740,445.3185,480,SPY
1700000002072296657,445.3746,445.3524,445.3969,412,SPY
1700000002072986787,445.4015,445.3792,445.4238,13,SPY
1700000002074655233,445.2728,445.2505,445.2950,287,SPY
1700000002075158310,445.3936,445.3713,445.4159,393,SPY
1700000002075318777,445.3155,445.2933,445.3378,266,SPY
1700000002076897691,445.3807,445.3585,445.4030,266,SPY
1700000002078613965,445.3335,445.3112,445.3557,284,SPY
1700000002079185090,445.3107,445.2884,445.3329,434,SPY
1700000002080992595,445.2414,445.2191,445.2637,160,SPY
1700000002081369955,445.2900,445.2678,445.3123,122,SPY
1700000002083208640,445.3565,445.3342,445.3788,97,SPY
1700000002083774040,445.2612,445.2390,445.2835,114,SPY
1700000002084419999,445.2157,445.1934,445.2380,19,SPY
1700000002084974958,445.1901,445.1678,445.2123,386,SPY
1700000002085851669,445.1246,445.1023,445.1468,192,SPY
1700000002086236438,445.1747,445.1524,445.1969,101,SPY
1700000002086776554,445.2053,445.1830,445.2275,24,SPY
1700000002086893548,445.3503,445.3281,445.3726,174,SPY
1700000002087899753,445.3505,445.3283,445.3728,5,SPY
1700000002088034933,445.2791,445.2568,445.3014,287,SPY
1700000002088621608,445.4727,445.4504,445.4950,139,SPY
1700000002090600776,445.4023,445.3800,445.4246,419,SPY
1700000002091001140,445.3964,445.3741,445.4187,379,SPY
1700000002092186467,445.3769,445.3546,445.3991,132,SPY
1700000002092379292,445.2640,445.2417,445.2863,495,SPY
1700000002093036667,445.3247,445.3025,445.3470,236,SPY
1700000002094766874,445.3596,445.3374,445.3819,299,SPY
1700000002095950455,445.3484,445.3261,445.3707,404,SPY
1700000002097291777,445.4429,445.4207,445.4652,318,SPY
1700000002099189830,445.3707,445.3484,445.3929,118,SPY
1700000002099392071,445.4103,445.3881,445.4326,63,SPY
1700000002101232240,445.4421,445.4198,445.4643,271,SPY
1700000002102122779,445.3777,445.3554,445.4000,352,SPY
1700000002103212962,445.4807,445.4584,445.5030,110,SPY
1700000002103566821,445.6006,445.5784,445.6229,160,SPY
1700000002104545236,445.5207,445.4984,445.5430,346,SPY
1700000002105012073,445.5079,445.4856,445.5301,457,SPY
1700000002105961176,445.5495,445.5272,445.5718,286,SPY
1700000002106869810,445.5162,445.4939,445.5385,251,SPY
1700000002107133953,445.4633,445.4411,445.4856,458,SPY
1700000002108547584,445.4623,445.4400,445.4846,32,SPY
1700000002109787043,445.4355,445.4132,445.4578,8,SPY
1700000002109936086,445.4503,445.4281,445.4726,77,SPY
1700000002110366439,445.4357,445.4135,445.4580,207,SPY
1700000002112065192,445.4515,445.4292,445.4738,302,SPY
1700000002114010302,445.3777,445.3554,445.4000,276,SPY
1700000002114822352,445.2873,445.2650,445.3096,384,SPY
1700000002115648293,445.1643,445.1420,445.1865,230,SPY
1700000002117071658,445.1253,445.1031,445.1476,330,SPY
1700000002118544759,445.1787,445.1565,445.2010,350,SPY
1700000002119523725,445.2594,445.2372,445.2817,483,SPY
1700000002120431945,445.2189,445.1966,445.2411,432,SPY
1700000002121773126,445.2183,445.1961,445.2406,492,SPY
1700000002122667850,445.2444,445.2221,445.2666,433,SPY
1700000002123060205,445.1679,445.1457,445.1902,175,SPY
1700000002124346905,445.2375,445.2152,445.2597,119,SPY
1700000002125439580,445.4730,445.4507,445.4953,200,SPY
1700000002125581822,445.3794,445.3571,445.4017,37,SPY
1700000002127272325,445.4245,445.4023,445.4468,105,SPY
1700000002127453570,445.2317,445.2094,445.2539,2,SPY
1700000002128495103,445.2652,445.2429,445.2875,372,SPY
1700000002128628606,445.2242,445.2019,445.2464,294,SPY
1700000002129475626,445.1207,445.0984,445.1429,442,SPY
1700000002129687454,445.1823,445.1601,445.2046,361,SPY
1700000002131217060,445.0453,445.0231,445.0676,412,SPY
1700000002132619041,445.0861,445.0638,445.1083,232,SPY
1700000002133605907,444.9755,444.9533,444.9977,60,SPY
1700000002134395702,444.8215,444.7993,444.8438,58,SPY
1700000002135869014,444.9288,444.9066,444.9511,22,SPY
1700000002136474628,444.9122,444.8900,444.9345,335,SPY
1700000002137308631,444.8134,444.7912,444.8357,394,SPY
1700000002137571641,444.7829,444.7607,444.8051,58,SPY
1700000002138212292,444.7047,444.6825,444.7270,255,SPY
1700000002138470216,444.6568,444.6345,444.6790,178,SPY
1700000002139356823,444.6758,444.6536,444.6981,358,SPY
1700000002139750638,444.6281,444.6058,444.6503,498,SPY
1700000002141710984,444.6013,444.5790,444.6235,183,SPY
1700000002142434631,444.3970,444.3748,444.4192,85,SPY
1700000002143099166,444.2671,444.2449,444.2893,253,SPY
1700000002144883052,443.9764,443.9542,443.9986,152,SPY
1700000002146214856,443.9175,443.8953,443.9397,10,SPY
1700000002147390255,444.0560,444.0338,444.0782,275,SPY
1700000002148126889,444.2030,444.1808,444.2253,338,SPY
1700000002148361508,444.1866,444.1644,444.2088,221,SPY
1700000002148925641,444.1702,444.1480,444.1924,494,SPY
1700000002149985419,444.2711,444.2489,444.2934,242,SPY
1700000002151027255,444.4118,444.3896,444.4340,108,SPY
1700000002152925021,444.5590,444.5367,444.5812,37,SPY
1700000002153412211,444.4943,444.4721,444.5166,278,SPY
1700000002154027235,444.4389,444.4167,444.4611,147,SPY
1700000002154499147,444.4138,444.3916,444.4360,141,SPY
1700000002155777110,444.3715,444.3493,444.3937,464,SPY
1700000002157133894,444.2472,444.2250,444.2694,160,SPY
1700000002158006620,444.4342,444.4120,444.4564,16,SPY
1700000002159359949,444.3796,444.3574,444.4018,369,SPY
1700000002160513056,444.4034,444.3812,444.4256,410,SPY
1700000002161954829,444.5369,444.5147,444.5591,305,SPY
1700000002162335235,444.5261,444.5039,444.5483,371,SPY
1700000002162592635,444.5845,444.5623,444.6067,432,SPY
1700000002164038852,444.7450,444.7228,444.7672,15,SPY
1700000002165171394,444.7488,444.7265,444.7710,400,SPY
1700000002166546895,444.7230,444.7008,444.7452,386,SPY
1700000002168213390,444.6508,444.6285,444.6730,360,SPY
1700000002168789757,444.7234,444.7011,444.7456,34,SPY
1700000002169162617,444.7496,444.7274,444.7719,462,SPY
1700000002170948260,444.7723,444.7500,444.7945,122,SPY
1700000002172333240,444.7298,444.7076,444.7521,303,SPY
1700000002173680613,444.7845,444.7623,444.8067,349,SPY
1700000002175392947,444.8202,444.7980,444.8425,265,SPY
1700000002176223446,444.7989,444.7766,444.8211,371,SPY
1700000002177391713,444.7573,444.7351,444.7796,180,SPY
1700000002178213906,444.6604,444.6381,444.6826,31,SPY
1700000002179429623,444.6283,444.6060,444.6505,73,SPY
1700000002180891892,444.4672,444.4450,444.4894,174,SPY
1700000002181426437,444.5760,444.5538,444.5982,368,SPY
1700000002181812163,444.4894,444.4672,444.5116,343,SPY
1700000002182860329,444.4476,444.4254,444.4699,170,SPY
1700000002183858851,444.5719,444.5496,444.5941,311,SPY
1700000002185390185,444.6295,444.6072,444.6517,231,SPY
1700000002185749809,444.5161,444.4938,444.5383,377,SPY
1700000002187278311,444.5029,444.4807,444.5251,483,SPY
1700000002187669365,444.4830,444.4608,444.5052,382,SPY
1700000002188861056,444.5728,444.5506,444.5950,155,SPY
1700000002190429348,444.5397,444.5175,444.5619,32,SPY
1700000002191788773,444.4677,444.4455,444.4900,206,SPY
1700000002193194534,444.4418,444.4195,444.4640,349,SPY
1700000002194530401,444.4042,444.3820,444.4264,218,SPY
1700000002195768820,444.3590,444.3368,444.3812,95,SPY
1700000002197252907,444.2490,444.2268,444.2712,488,SPY
1700000002199105435,444.3393,444.3171,444.3615,52,SPY
1700000002199570650,444.2520,444.2298,444.2742,260,SPY
1700000002200509495,444.4358,444.4136,444.4580,119,SPY
1700000002200947482,444.3478,444.3256,444.3701,243,SPY
1700000002202203943,444.3283,444.3061,444.3505,236,SPY
1700000002203347341,444.3583,444.3361,444.3805,498,SPY
1700000002203591517,444.3161,444.2939,444.3383,271,SPY
1700000002205054900,444.2592,444.2370,444.2814,456,SPY
1700000002205281160,444.3276,444.3054,444.3498,271,SPY
1700000002206491502,444.2876,444.2654,444.3098,398,SPY
1700000002206626633,444.3831,444.3609,444.4053,445,SPY
1700000002208203441,444.3134,444.2912,444.3356,29,SPY
1700000002209845459,444.2320,444.2097,444.2542,422,SPY
1700000002211694969,444.2891,444.2669,444.3113,347,SPY
1700000002212980995,444.3723,444.3500,444.3945,352,SPY
1700000002214930965,444.2513,444.2291,444.2735,273,SPY
1700000002216056895,444.2383,444.2161,444.2605,139,SPY
1700000002217808211,444.1388,444.1166,444.1610,250,SPY
1700000002218346804,444.0407,444.0185,444.0629,231,SPY
1700000002218551652,443.8521,443.8299,443.8743,201,SPY
1700000002219771955,443.8316,443.8094,443.8538,416,SPY
1700000002221524572,443.8064,443.7843,443.8286,158,SPY
1700000002222651756,443.8518,443.8296,443.8739,383,SPY
1700000002223866093,443.6851,443.6629,443.7073,263,SPY
1700000002224955162,443.8614,443.8392,443.8836,169,SPY
1700000002226533352,443.9623,443.9401,443.9845,64,SPY
1700000002227690092,444.0004,443.9782,444.0226,90,SPY
1700000002229124163,444.0794,444.0572,444.1016,198,SPY
1700000002230412451,443.9460,443.9238,443.9682,497,SPY
1700000002232355082,443.8372,443.8150,443.8594,240,SPY
1700000002233821395,443.9323,443.9101,443.9545,196,SPY
1700000002235072150,443.8495,443.8274,443.8717,382,SPY
1700000002236294955,443.7172,443.6950,443.7393,118,SPY
1700000002236953113,443.7478,443.7256,443.7700,8,SPY
1700000002238755243,443.7609,443.7387,443.7831,161,SPY
1700000002239456531,443.6863,443.6641,443.7085,397,SPY
1700000002240882605,443.7648,443.7426,443.7870,131,SPY
1700000002241037665,443.7817,443.7595,443.8039,103,SPY
1700000002241516404,443.7194,443.6972,443.7416,431,SPY
1700000002242051361,443.7421,443.7199,443.7643,58,SPY
1700000002243423191,443.6092,443.5870,443.6313,111,SPY
1700000002244296758,443.6004,443.5782,443.6226,449,SPY
1700000002245319640,443.7565,443.7343,443.7787,204,SPY
1700000002246191495,443.7588,443.7366,443.7810,436,SPY
1700000002247329956,443.8025,443.7803,443.8247,338,SPY
1700000002248331621,443.8245,443.8023,443.8467,45,SPY
1700000002248666127,443.8122,443.7901,443.8344,467,SPY
1700000002249346567,443.9512,443.9290,443.9734,452,SPY
1700000002250283037,443.8422,443.8200,443.8644,279,SPY
1700000002251261091,443.9584,443.9362,443.9806,236,SPY
1700000002253084056,443.8376,443.8154,443.8598,5,SPY
1700000002253668080,443.8943,443.8721,443.9165,165,SPY
1700000002255109990,443.7395,443.7173,443.7617,318,SPY
1700000002256219638,443.8494,443.8272,443.8716,419,SPY
1700000002257874507,443.7137,443.6915,443.7359,445,SPY
1700000002258965724,443.6019,443.5797,443.6241,44,SPY
1700000002259721314,443.6423,443.6202,443.6645,416,SPY
1700000002260690794,443.7798,443.7576,443.8019,378,SPY
1700000002261702530,443.8579,443.8357,443.8801,421,SPY
1700000002263208172,443.7961,443.7739,443.8183,414,SPY
1700000002264981952,443.7605,443.7383,443.7827,99,SPY
1700000002266767583,443.7842,443.7620,443.8064,40,SPY
1700000002267313214,443.7219,443.6997,443.7441,397,SPY
1700000002267934067,443.7975,443.7753,443.8197,159,SPY
1700000002269651567,443.7851,443.7629,443.8072,347,SPY
1700000002270267891,443.9151,443.8929,443.9373,299,SPY
1700000002271451668,443.8760,443.8538,443.8982,466,SPY
1700000002272452631,443.8273,443.8051,443.8495,94,SPY
1700000002274347196,443.9319,443.9097,443.9541,46,SPY
1700000002276219233,443.9813,443.9591,444.0035,3,SPY
1700000002278036134,443.9855,443.9633,444.0077,66,SPY
1700000002278987646,444.0134,443.9912,444.0356,403,SPY
1700000002280017271,443.9504,443.9282,443.9726,223,SPY
1700000002281053791,443.7666,443.7444,443.7888,384,SPY
1700000002282077447,443.8588,443.8366,443.8810,272,SPY
1700000002282919397,443.8594,443.8372,443.8815,59,SPY
1700000002284069147,443.8221,443.7999,443.8443,165,SPY
1700000002284805619,443.6990,443.6768,443.7212,51,SPY
1700000002286149389,443.6772,443.6550,443.6994,358,SPY
1700000002287769919,443.7846,443.7624,443.8067,297,SPY
1700000002289676339,443.7315,443.7093,443.7537,486,SPY
1700000002290552337,443.6673,443.6451,443.6895,413,SPY
1700000002292249404,443.6017,443.5795,443.6239,118,SPY
1700000002294157156,443.7610,443.7389,443.7832,295,SPY
1700000002296105543,443.6999,443.6777,443.7221,183,SPY
1700000002297126580,443.6221,443.5999,443.6443,462,SPY
1700000002298214680,443.5803,443.5581,443.6024,486,SPY
1700000002298689789,443.4696,443.4474,443.4918,196,SPY
1700000002299355757,443.5662,443.5441,443.5884,398,SPY
1700000002300137830,443.5094,443.4873,443.5316,312,SPY
1700000002301908300,443.4395,443.4174,443.4617,95,SPY
1700000002302850712,443.3037,443.2815,443.3259,211,SPY
1700000002304255310,443.3003,443.2781,443.3224,44,SPY
1700000002304825206,443.1503,443.1281,443.1724,238,SPY
1700000002305203702,443.1316,443.1095,443.1538,240,SPY
1700000002307072096,443.2460,443.2238,443.2682,93,SPY
1700000002308601576,443.1140,443.0918,443.1361,485,SPY
1700000002310111605,443.2668,443.2447,443.2890,11,SPY
1700000002311277286,443.3289,443.3068,443.3511,92,SPY
1700000002312437952,443.3256,443.3034,443.3477,311,SPY
1700000002313873997,443.3481,443.3259,443.3703,350,SPY
1700000002314190768,443.3013,443.2791,443.3234,285,SPY
1700000002314631098,443.3397,443.3176,443.3619,13,SPY
1700000002315054513,443.3089,443.2867,443.3310,179,SPY
1700000002316440173,443.3119,443.2897,443.3341,224,SPY
1700000002316759737,443.3770,443.3548,443.3991,314,SPY
1700000002316963158,443.3766,443.3544,443.3987,188,SPY
1700000002318002116,443.5057,443.4835,443.5279,498,SPY
1700000002319163306,443.5076,443.4854,443.5298,302,SPY
1700000002320053558,443.4514,443.4293,443.4736,77,SPY
1700000002321134258,443.5016,443.4794,443.5237,387,SPY
1700000002321595112,443.4760,443.4539,443.4982,395,SPY
1700000002323554925,443.2674,443.2452,443.2895,201,SPY
1700000002323940186,443.3033,443.2811,443.3255,209,SPY
1700000002325025315,443.1049,443.0828,443.1271,164,SPY
1700000002326635428,443.0911,443.0690,443.1133,77,SPY
1700000002328578437,443.1184,443.0962,443.1405,315,SPY
1700000002330420839,443.1135,443.0914,443.1357,453,SPY
1700000002331239121,443.1244,443.1023,443.1466,91,SPY
1700000002331361356,443.1798,443.1577,443.2020,98,SPY
1700000002331515888,443.1906,443.1684,443.2127,103,SPY
1700000002332893864,443.1888,443.1667,443.2110,304,SPY
1700000002334083300,443.2054,443.1833,443.2276,206,SPY
1700000002334578225,442.9853,442.9632,443.0075,466,SPY
1700000002335708525,442.9920,442.9699,443.0142,270,SPY
1700000002336086444,443.0424,443.0203,443.0646,472,SPY
1700000002336571264,443.0479,443.0258,443.0701,456,SPY
1700000002338316971,443.0338,443.0116,443.0559,86,SPY
1700000002339015946,443.0321,443.0100,443.0543,259,SPY
1700000002340209113,443.2273,443.2051,443.2495,51,SPY
1700000002341665924,443.1706,443.1485,443.1928,312,SPY
1700000002342998970,443.1985,443.1763,443.2206,44,SPY
1700000002344505064,443.2015,443.1794,443.2237,35,SPY
1700000002345884636,443.2798,443.2576,443.3020,178,SPY
1700000002346527667,443.3460,443.3238,443.3682,243,SPY
1700000002347129833,443.3734,443.3513,443.3956,418,SPY
1700000002348374836,443.3276,443.3055,443.3498,437,SPY
1700000002349752831,443.3730,443.3509,443.3952,470,SPY
1700000002350524248,443.3088,443.2866,443.3309,490,SPY
1700000002350978394,443.2852,443.2630,443.3074,492,SPY
1700000002352851497,443.2239,443.2018,443.2461,492,SPY
1700000002353419353,443.0218,442.9996,443.0439,269,SPY
1700000002354759326,443.0442,443.0220,443.0663,19,SPY
1700000002356472329,443.0942,443.0720,443.1163,340,SPY
1700000002357558166,443.2472,443.2250,443.2694,472,SPY
1700000002357838783,443.1314,443.1093,443.1536,12,SPY
1700000002358128894,443.0979,443.0758,443.1201,298,SPY
1700000002359109428,443.0865,443.0643,443.1086,64,SPY
1700000002360306792,443.1448,443.1226,443.1669,188,SPY
1700000002361689350,443.1775,443.1554,443.1997,106,SPY
1700000002363167562,443.1023,443.0801,443.1244,209,SPY
1700000002364308726,443.0218,442.9997,443.0440,155,SPY
1700000002365192123,443.1427,443.1205,443.1648,439,SPY
1700000002367183987,443.3026,443.2804,443.3247,490,SPY
1700000002368696546,443.3088,443.2866,443.3310,391,SPY
1700000002369101987,443.2434,443.2212,443.2655,350,SPY
1700000002369678583,443.1289,443.1067,443.1510,172,SPY
1700000002371660730,443.0244,443.0022,443.0465,291,SPY
1700000002373089100,443.0210,442.9988,443.0432,207,SPY
1700000002374982717,443.1276,443.1055,443.1498,193,SPY
1700000002375717891,443.2470,443.2248,443.2692,471,SPY
1700000002377369071,443.2351,443.2130,443.2573,143,SPY
1700000002378391253,443.2881,443.2659,443.3103,330,SPY
1700000002379398791,443.4888,443.4666,443.5109,52,SPY
1700000002381143464,443.4752,443.4530,443.4973,63,SPY
1700000002381734612,443.4677,443.4456,443.4899,56,SPY
1700000002382309057,443.3579,443.3358,443.3801,45,SPY
1700000002382964174,443.3639,443.3417,443.3861,69,SPY
1700000002383389258,443.3238,443.3016,443.3459,290,SPY
1700000002383961784,443.4146,443.3924,443.4368,29,SPY
1700000002384905149,443.3739,443.3517,443.3961,328,SPY
1700000002385490205,443.3712,443.3491,443.3934,474,SPY
1700000002386553193,443.4125,443.3904,443.4347,272,SPY
1700000002388150940,443.4496,443.4275,443.4718,408,SPY
1700000002390062395,443.5566,443.5344,443.5788,483,SPY
1700000002391105396,443.5460,443.5238,443.5682,146,SPY
1700000002391728431,443.5092,443.4870,443.5314,126,SPY
1700000002392860812,443.5383,443.5161,443.5605,360,SPY
1700000002393579519,443.6878,443.6656,443.7100,153,SPY
1700000002394066402,443.7107,443.6885,443.7329,473,SPY
1700000002394990715,443.7166,443.6944,443.7387,16,SPY
1700000002396899091,443.7945,443.7724,443.8167,214,SPY
1700000002398345272,443.7224,443.7002,443.7446,32,SPY
1700000002399316221,443.5957,443.5735,443.6179,204,SPY
1700000002400854171,443.6969,443.6747,443.7190,14,SPY
1700000002402130016,443.7804,443.7582,443.8026,483,SPY
1700000002402886756,443.7769,443.7547,443.7991,113,SPY
1700000002404627301,443.8992,443.8770,443.9214,340,SPY
1700000002405513024,443.9266,443.9044,443.9488,209,SPY
1700000002405903082,444.0495,444.0273,444.0717,132,SPY
1700000002407069273,444.1281,444.1059,444.1503,165,SPY
1700000002407485150,444.1119,444.0897,444.1341,188,SPY
1700000002407977095,444.0868,444.0646,444.1090,4,SPY
1700000002408252919,444.0661,444.0439,444.0883,310,SPY
1700000002409002654,444.1222,444.1000,444.1444,222,SPY
1700000002409413923,444.0298,444.0076,444.0520,400,SPY
1700000002411088670,444.0339,444.0117,444.0561,230,SPY
1700000002411554456,443.9944,443.9722,444.0166,74,SPY
1700000002411898604,444.0260,444.0038,444.0482,72,SPY
1700000002413071287,444.0579,444.0357,444.0801,275,SPY
1700000002414616344,444.0444,444.0222,444.0666,448,SPY
1700000002415683734,443.9727,443.9505,443.9949,454,SPY
1700000002417508978,443.9231,443.9009,443.9453,33,SPY
1700000002419056553,443.8711,443.8489,443.8932,481,SPY
1700000002419416369,443.7957,443.7735,443.8179,255,SPY
1700000002419995463,443.7608,443.7387,443.7830,434,SPY
1700000002421767531,443.7516,443.7295,443.7738,207,SPY
1700000002422868195,443.5592,443.5370,443.5814,19,SPY
1700000002424422425,443.4868,443.4646,443.5090,132,SPY
1700000002425659238,443.4246,443.4025,443.4468,486,SPY
1700000002427049901,443.4200,443.3978,443.4421,39,SPY
1700000002428902849,443.4255,443.4033,443.4476,325,SPY
1700000002430317891,443.5295,443.5073,443.5516,387,SPY
1700000002431053275,443.4329,443.4108,443.4551,119,SPY
1700000002431699310,443.4652,443.4430,443.4873,278,SPY
1700000002433203281,443.5187,443.4965,443.5409,260,SPY
1700000002434336619,443.5483,443.5261,443.5704,434,SPY
1700000002435117949,443.5561,443.5339,443.5783,8,SPY
1700000002435565405,443.7584,443.7363,443.7806,302,SPY
1700000002436502992,443.7481,443.7259,443.7703,374,SPY
1700000002438043175,444.0007,443.9785,444.0229,122,SPY
1700000002438596918,444.0840,444.0618,444.1062,449,SPY
1700000002439444497,444.0665,444.0443,444.0887,74,SPY
1700000002439546972,444.0762,444.0540,444.0984,151,SPY
1700000002440349955,444.0948,444.0726,444.1170,317,SPY
1700000002441588289,444.1139,444.0917,444.1361,286,SPY
1700000002442380609,444.2788,444.2566,444.3010,308,SPY
1700000002443372682,444.2872,444.2650,444.3094,492,SPY
1700000002443896096,444.1880,444.1658,444.2102,197,SPY
1700000002445206658,444.2253,444.2031,444.2475,464,SPY
1700000002446178817,444.2679,444.2457,444.2901,225,SPY
1700000002448075487,444.2769,444.2547,444.2991,239,SPY
1700000002448451086,444.1512,444.1290,444.1734,362,SPY
1700000002450006046,444.2507,444.2285,444.2729,24,SPY
1700000002451893222,444.3268,444.3046,444.3491,270,SPY
1700000002453481603,444.2445,444.2223,444.2667,77,SPY
1700000002454076608,444.2143,444.1921,444.2365,249,SPY
1700000002454207796,444.2334,444.2112,444.2556,145,SPY
1700000002456094284,444.1007,444.0784,444.1229,406,SPY
1700000002457332371,443.9597,443.9375,443.9819,438,SPY
1700000002457825981,443.9444,443.9222,443.9666,263,SPY
1700000002458156563,443.9537,443.9315,443.9759,52,SPY
1700000002458343984,443.9748,443.9526,443.9970,66,SPY
1700000002459258586,443.9920,443.9698,444.0142,321,SPY
1700000002460706830,443.9817,443.9595,444.0039,321,SPY
1700000002462340361,443.9389,443.9167,443.9611,322,SPY
1700000002463827366,443.9277,443.9055,443.9499,376,SPY
1700000002465051010,443.9338,443.9116,443.9560,469,SPY
1700000002465585764,443.9458,443.9236,443.9680,295,SPY
1700000002466599909,444.0859,444.0637,444.1081,284,SPY
1700000002468396760,444.0132,443.9910,444.0354,56,SPY
1700000002469013166,444.0920,444.0698,444.1142,459,SPY
1700000002469955086,444.0863,444.0641,444.1085,54,SPY
1700000002470784856,444.1572,444.1350,444.1794,494,SPY
1700000002471756268,444.1661,444.1439,444.1883,342,SPY
1700000002473680307,444.1440,444.1218,444.1662,50,SPY
1700000002474535082,444.1598,444.1376,444.1821,307,SPY
1700000002475411058,444.1607,444.1385,444.1829,172,SPY
1700000002477131622,444.0410,444.0187,444.0632,282,SPY
1700000002477253269,443.9570,443.9348,443.9792,338,SPY
1700000002478411185,443.8983,443.8761,443.9205,188,SPY
1700000002478926668,443.8520,443.8298,443.8742,475,SPY
1700000002479443409,443.6625,443.6403,443.6846,239,SPY
1700000002480739127,443.6770,443.6548,443.6992,120,SPY
1700000002482111248,443.7442,443.7220,443.7664,302,SPY
1700000002484006681,443.7271,443.7049,443.7492,319,SPY
1700000002484318584,443.6669,443.6447,443.6891,454,SPY
1700000002484610524,443.6397,443.6175,443.6619,338,SPY
1700000002486261023,443.6022,443.5801,443.6244,258,SPY
1700000002486482709,443.6186,443.5964,443.6408,420,SPY
1700000002487623481,443.5908,443.5686,443.6130,97,SPY
1700000002487955891,443.7224,443.7002,443.7446,442,SPY
1700000002489654703,443.5933,443.5711,443.6155,207,SPY
1700000002489843044,443.6329,443.6107,443.6550,158,SPY
1700000002491830853,443.7811,443.7589,443.8033,475,SPY
1700000002492269145,443.7135,443.6913,443.7357,234,SPY
1700000002492872190,443.6695,443.6473,443.6917,298,SPY
1700000002493844641,443.7145,443.6923,443.7366,354,SPY
1700000002494166796,443.6433,443.6211,443.6655,306,SPY
1700000002495822243,443.7435,443.7213,443.7657,307,SPY
1700000002497258885,443.7658,443.7436,443.7880,265,SPY
1700000002498200812,443.7711,443.7489,443.7933,398,SPY
1700000002498706066,443.7104,443.6882,443.7325,258,SPY
1700000002498851512,443.5981,443.5759,443.6203,139,SPY
1700000002499900757,443.5974,443.5752,443.6195,313,SPY
1700000002501260850,443.5652,443.5431,443.5874,63,SPY
1700000002503038328,443.6300,443.6078,443.6522,60,SPY
1700000002504424601,443.6040,443.5818,443.6262,398,SPY
1700000002505334049,443.7484,443.7262,443.7705,328,SPY
1700000002507044963,443.8122,443.7900,443.8344,370,SPY
1700000002508147251,443.8496,443.8274,443.8718,22,SPY
1700000002509416822,443.7789,443.7567,443.8011,44,SPY
1700000002509663768,443.6781,443.6559,443.7003,32,SPY
1700000002511477062,443.5941,443.5719,443.6163,264,SPY
1700000002512077880,443.7694,443.7472,443.7916,259,SPY
1700000002513407504,443.7449,443.7227,443.7671,7,SPY
1700000002514743171,443.6943,443.6721,443.7165,401,SPY
1700000002515010010,443.6965,443.6743,443.7187,157,SPY
1700000002515929950,443.8234,443.8012,443.8456,163,SPY
1700000002517651288,443.8423,443.8201,443.8645,172,SPY
1700000002518915827,443.9934,443.9712,444.0156,29,SPY
1700000002519041963,443.9585,443.9363,443.9807,237,SPY
1700000002520985777,444.2143,444.1921,444.2365,169,SPY
1700000002522857955,444.1129,444.0907,444.1351,476,SPY
1700000002523622591,444.0952,444.0730,444.1174,497,SPY
1700000002524617880,443.9559,443.9337,443.9781,71,SPY
1700000002525787429,443.9649,443.9427,443.9871,139,SPY
1700000002526180903,443.9659,443.9437,443.9881,484,SPY
1700000002527111171,443.9429,443.9207,443.9651,414,SPY
1700000002527325551,443.9784,443.9562,444.0006,99,SPY
1700000002528647652,444.0653,444.0431,444.0875,470,SPY
1700000002530449347,444.1936,444.1714,444.2158,439,SPY
1700000002531835590,444.1791,444.1569,444.2013,212,SPY
1700000002532853680,444.1042,444.0820,444.1265,149,SPY
1700000002534492512,444.0506,444.0284,444.0728,296,SPY
1700000002536041163,443.9469,443.9247,443.9691,83,SPY
1700000002537545089,443.9980,443.9758,444.0202,389,SPY
1700000002539494680,444.0069,443.9847,444.0291,107,SPY
1700000002541007667,444.0028,443.9806,444.0250,288,SPY
1700000002542757333,443.9153,443.8931,443.9375,422,SPY
1700000002544438444,443.7833,443.7611,443.8055,465,SPY
1700000002545910108,443.7893,443.7671,443.8115,190,SPY
1700000002547534052,443.7650,443.7428,443.7872,336,SPY
1700000002549264554,443.7534,443.7312,443.7756,436,SPY
1700000002551246140,443.6119,443.5897,443.6341,21,SPY
1700000002551670215,443.7793,443.7571,443.8015,60,SPY
1700000002553415199,443.6826,443.6604,443.7048,47,SPY
1700000002554849352,443.6079,443.5857,443.6301,464,SPY
1700000002554985734,443.6441,443.6219,443.6663,65,SPY
1700000002556102145,443.7083,443.6861,443.7305,240,SPY
1700000002557411738,443.7297,443.7075,443.7519,403,SPY
1700000002558124476,443.7990,443.7768,443.8212,18,SPY
1700000002559371915,443.8509,443.8287,443.8731,416,SPY
1700000002561124313,443.7995,443.7773,443.8217,27,SPY
1700000002562784095,443.9341,443.9119,443.9563,439,SPY
1700000002564523432,443.7775,443.7553,443.7996,33,SPY
1700000002565332222,443.4745,443.4523,443.4967,279,SPY
1700000002565592104,443.4455,443.4234,443.4677,141,SPY
1700000002567168157,443.4479,443.4257,443.4701,117,SPY
1700000002567577506,443.3552,443.3330,443.3773,90,SPY
1700000002568322682,443.3523,443.3301,443.3744,443,SPY
1700000002570149186,443.3400,443.3178,443.3621,373,SPY
1700000002571509422,443.4187,443.3965,443.4408,354,SPY
1700000002571979690,443.5342,443.5120,443.5564,286,SPY
1700000002573675249,443.4605,443.4383,443.4827,471,SPY
1700000002575495088,443.4421,443.4199,443.4643,459,SPY
1700000002576188780,443.5210,443.4989,443.5432,65,SPY
1700000002577404860,443.5797,443.5575,443.6018,106,SPY
1700000002578690751,443.7285,443.7063,443.7507,109,SPY
1700000002579726074,443.7005,443.6784,443.7227,376,SPY
1700000002581061956,443.6314,443.6092,443.6536,283,SPY
1700000002582446610,443.6686,443.6465,443.6908,136,SPY
1700000002583668396,443.6681,443.6459,443.6903,50,SPY
1700000002585130133,443.8072,443.7850,443.8293,471,SPY
1700000002585514433,443.9631,443.9409,443.9853,265,SPY
1700000002586809309,444.1232,444.1010,444.1454,140,SPY
1700000002588731788,444.0678,444.0456,444.0900,340,SPY
1700000002590606789,444.0901,444.0679,444.1123,289,SPY
1700000002592398709,444.2745,444.2523,444.2967,202,SPY
1700000002594074075,444.2141,444.1919,444.2363,408,SPY
1700000002595408624,444.2697,444.2475,444.2919,166,SPY
1700000002596746425,444.1696,444.1474,444.1918,188,SPY
1700000002597243354,444.1474,444.1252,444.1696,152,SPY
1700000002598488861,444.2043,444.1821,444.2265,185,SPY
1700000002598797942,444.2484,444.2262,444.2706,411,SPY
1700000002600456037,444.2165,444.1943,444.2387,464,SPY
1700000002601220429,444.0987,444.0765,444.1209,118,SPY
1700000002601865187,444.0758,444.0536,444.0980,304,SPY
1700000002603858047,444.0678,444.0456,444.0900,466,SPY
1700000002605083409,444.0759,444.0537,444.0981,213,SPY
1700000002605658942,444.2428,444.2206,444.2650,74,SPY
1700000002606226597,444.2218,444.1996,444.2440,128,SPY
1700000002606767831,444.2610,444.2388,444.2832,422,SPY
1700000002608527641,444.4021,444.3799,444.4243,266,SPY
1700000002609918777,444.3788,444.3566,444.4010,425,SPY
1700000002611590516,444.3747,444.3524,444.3969,26,SPY
1700000002613396928,444.4878,444.4655,444.5100,133,SPY
1700000002614316428,444.5352,444.5129,444.5574,201,SPY
1700000002615244009,444.6215,444.5992,444.6437,184,SPY
1700000002617010122,444.4492,444.4270,444.4715,13,SPY
1700000002617494623,444.5087,444.4864,444.5309,109,SPY
1700000002619146655,444.5937,444.5715,444.6160,62,SPY
1700000002620310257,444.5597,444.5375,444.5820,456,SPY
1700000002620920084,444.5547,444.5325,444.5769,470,SPY
1700000002622105745,444.5749,444.5526,444.5971,7,SPY
1700000002622212621,444.6090,444.5867,444.6312,422,SPY
1700000002623578631,444.6009,444.5787,444.6231,275,SPY
1700000002623984488,444.5765,444.5543,444.5987,3,SPY
1700000002625713275,444.6059,444.5837,444.6281,2,SPY
1700000002626993353,444.6065,444.5843,444.6287,234,SPY
1700000002627857335,444.5082,444.4859,444.5304,75,SPY
1700000002628239736,444.4023,444.3801,444.4245,196,SPY
1700000002630112753,444.4230,444.4008,444.4453,353,SPY
1700000002631404425,444.4785,444.4563,444.5008,118,SPY
1700000002632005370,444.5219,444.4997,444.5441,237,SPY
1700000002633698723,444.5603,444.5381,444.5825,35,SPY
1700000002635130417,444.6900,444.6678,444.7122,363,SPY
1700000002635351888,444.5753,444.5531,444.5975,234,SPY
1700000002636646523,444.5442,444.5220,444.5665,19,SPY
1700000002637368929,444.7029,444.6806,444.7251,8,SPY
1700000002638137283,444.6983,444.6761,444.7206,379,SPY
1700000002638743423,444.7978,444.7756,444.8200,394,SPY
1700000002638927665,444.7442,444.7219,444.7664,409,SPY
1700000002639495863,444.8084,444.7861,444.8306,253,SPY
1700000002640498640,445.1036,445.0814,445.1259,295,SPY
1700000002641138053,445.2211,445.1989,445.2434,428,SPY
1700000002641968872,445.1673,445.1450,445.1895,20,SPY
1700000002642458516,445.1721,445.1499,445.1944,340,SPY
1700000002644416705,445.2608,445.2386,445.2831,258,SPY
1700000002645911964,445.1993,445.1771,445.2216,98,SPY
1700000002647281389,445.1979,445.1756,445.2202,398,SPY
1700000002647728875,445.2881,445.2659,445.3104,350,SPY
1700000002647928091,445.3095,445.2873,445.3318,312,SPY
1700000002648092861,445.2743,445.2521,445.2966,304,SPY
1700000002649357708,445.2675,445.2452,445.2897,89,SPY
1700000002650716693,445.2833,445.2610,445.3055,376,SPY
1700000002651381241,445.2185,445.1962,445.2407,341,SPY
1700000002652727395,445.1675,445.1453,445.1898,160,SPY
1700000002654664357,445.1692,445.1469,445.1914,281,SPY
1700000002655277851,445.1994,445.1772,445.2217,294,SPY
1700000002656626350,445.0978,445.0756,445.1201,306,SPY
1700000002657453731,445.2331,445.2108,445.2554,408,SPY
1700000002657685392,445.0720,445.0497,445.0942,254,SPY
1700000002658561003,445.2219,445.1997,445.2442,32,SPY
1700000002659409308,445.0801,445.0579,445.1024,394,SPY
1700000002659676775,445.0536,445.0313,445.0758,286,SPY
1700000002661672209,445.1585,445.1363,445.1808,236,SPY
1700000002662450094,445.2315,445.2092,445.2537,492,SPY
1700000002664420070,445.3432,445.3209,445.3655,301,SPY
1700000002665348227,445.3817,445.3594,445.4040,304,SPY
1700000002666967612,445.5256,445.5033,445.5478,487,SPY
1700000002667512540,445.3791,445.3569,445.4014,8,SPY
1700000002669484061,445.4739,445.4516,445.4962,216,SPY
1700000002670824703,445.3675,445.3453,445.3898,437,SPY
1700000002671244186,445.4493,445.4270,445.4715,46,SPY
1700000002672575216,445.4581,445.4359,445.4804,200,SPY
1700000002674571918,445.4147,445.3924,445.4369,304,SPY
1700000002675483322,445.4090,445.3867,445.4312,27,SPY
1700000002676457120,445.5280,445.5057,445.5503,406,SPY
1700000002678274920,445.4245,445.4022,445.4467,223,SPY
1700000002679091104,445.3484,445.3262,445.3707,236,SPY
1700000002679735628,445.4917,445.4694,445.5139,142,SPY
1700000002681554755,445.5282,445.5059,445.5504,276,SPY
1700000002683204565,445.4425,445.4203,445.4648,91,SPY
1700000002684812230,445.4319,445.4096,445.4542,263,SPY
1700000002686020418,445.3846,445.3623,445.4068,165,SPY
1700000002686918442,445.3449,445.3226,445.3671,392,SPY
1700000002688314011,445.2638,445.2416,445.2861,151,SPY
1700000002688453293,445.2315,445.2093,445.2538,2,SPY
1700000002690441088,445.1621,445.1398,445.1843,495,SPY
1700000002690670933,445.1428,445.1205,445.1650,68,SPY
1700000002691370593,445.1725,445.1503,445.1948,105,SPY
1700000002692740986,445.0827,445.0604,445.1050,305,SPY
1700000002693366358,445.0240,445.0017,445.0463,350,SPY
1700000002693977647,445.0125,444.9903,445.0348,162,SPY
1700000002694831506,444.9951,444.9728,445.0173,348,SPY
1700000002696235234,444.9861,444.9639,445.0084,73,SPY
1700000002697430631,444.9826,444.9603,445.0048,409,SPY
1700000002699123879,444.9452,444.9230,444.9675,351,SPY
1700000002700378954,444.8953,444.8731,444.9176,482,SPY
1700000002701471950,444.8684,444.8462,444.8907,204,SPY
1700000002701763749,444.7933,444.7710,444.8155,298,SPY
1700000002703647952,444.7558,444.7335,444.7780,135,SPY
1700000002705237685,444.6875,444.6653,444.7098,405,SPY
1700000002705380807,444.6850,444.6628,444.7073,500,SPY
1700000002706636393,444.6147,444.5924,444.6369,446,SPY
1700000002707378367,444.5489,444.5266,444.5711,131,SPY
1700000002707852113,444.7093,444.6871,444.7315,7,SPY
1700000002709061529,444.6019,444.5797,444.6242,219,SPY
1700000002710126943,444.6028,444.5806,444.6251,210,SPY
1700000002711089448,444.5781,444.5559,444.6003,92,SPY
1700000002713087819,444.5569,444.5347,444.5791,365,SPY
1700000002713433786,444.7463,444.7241,444.7686,311,SPY
1700000002715367480,444.7902,444.7680,444.8125,433,SPY
1700000002716469490,444.7047,444.6824,444.7269,354,SPY
1700000002718252495,444.8734,444.8511,444.8956,344,SPY
1700000002719844038,444.8701,444.8478,444.8923,276,SPY
1700000002721013435,444.7599,444.7376,444.7821,21,SPY
1700000002721385315,444.8013,444.7791,444.8236,64,SPY
1700000002721941551,444.8762,444.8539,444.8984,370,SPY
1700000002723605621,444.9271,444.9049,444.9493,70,SPY
1700000002724584855,444.8635,444.8413,444.8858,481,SPY
1700000002724908384,444.8453,444.8231,444.8675,189,SPY
1700000002726476304,444.7551,444.7329,444.7773,444,SPY
1700000002728468682,444.7357,444.7135,444.7580,173,SPY
1700000002729463897,444.6335,444.6113,444.6557,113,SPY
1700000002730375357,444.6131,444.5908,444.6353,162,SPY
1700000002731220186,444.6568,444.6346,444.6791,193,SPY
1700000002732822067,444.5887,444.5664,444.6109,413,SPY
1700000002734337118,444.4815,444.4592,444.5037,333,SPY
1700000002735640140,444.4072,444.3850,444.4295,110,SPY
1700000002737431289,444.3328,444.3106,444.3550,329,SPY
1700000002739226825,444.2627,444.2405,444.2849,2,SPY
1700000002739337128,444.0951,444.0729,444.1173,129,SPY
1700000002740465377,444.0371,444.0149,444.0593,281,SPY
1700000002741134183,444.0701,444.0479,444.0923,455,SPY
1700000002742616722,444.0755,444.0533,444.0977,336,SPY
1700000002743937126,444.2702,444.2480,444.2924,234,SPY
1700000002745204373,444.3377,444.3155,444.3599,324,SPY
1700000002746649026,444.3222,444.3000,444.3445,134,SPY
1700000002746901564,444.3086,444.2864,444.3309,29,SPY
1700000002747749232,444.3118,444.2896,444.3341,386,SPY
1700000002748547405,444.3536,444.3314,444.3758,393,SPY
1700000002749568589,444.3035,444.2813,444.3257,407,SPY
1700000002750369699,444.2981,444.2759,444.3204,72,SPY
1700000002752010111,444.1964,444.1742,444.2186,146,SPY
1700000002753599368,444.0835,444.0613,444.1057,426,SPY
1700000002755446567,443.9729,443.9507,443.9951,15,SPY
1700000002756270871,443.8565,443.8343,443.8786,386,SPY
1700000002757816401,443.8582,443.8360,443.8804,384,SPY
1700000002758531680,443.7309,443.7087,443.7531,206,SPY
1700000002758845249,443.7095,443.6874,443.7317,117,SPY
1700000002760775427,443.6794,443.6572,443.7015,5,SPY
1700000002761662495,443.7191,443.6969,443.7412,302,SPY
1700000002763369281,443.7605,443.7383,443.7826,18,SPY
1700000002763736371,443.7996,443.7774,443.8218,393,SPY
1700000002764353147,443.7518,443.7296,443.7740,412,SPY
1700000002765491384,443.9245,443.9023,443.9467,326,SPY
1700000002766401009,443.9858,443.9636,444.0080,16,SPY
1700000002768284920,443.9745,443.9523,443.9967,295,SPY
1700000002768806584,444.0319,444.0097,444.0541,476,SPY
1700000002769826057,443.9477,443.9255,443.9699,330,SPY
1700000002771716584,443.9058,443.8836,443.9280,302,SPY
1700000002772002526,443.7888,443.7666,443.8110,123,SPY
1700000002773074044,443.6728,443.6506,443.6950,40,SPY
1700000002773908605,443.6761,443.6540,443.6983,41,SPY
1700000002775716317,443.6889,443.6667,443.7111,196,SPY
1700000002776189159,443.5847,443.5625,443.6069,351,SPY
1700000002776746418,443.5058,443.4836,443.5280,324,SPY
1700000002778634578,443.4419,443.4198,443.4641,448,SPY
1700000002778944784,443.4083,443.3862,443.4305,75,SPY
1700000002780632896,443.5493,443.5271,443.5714,254,SPY
1700000002781251960,443.6354,443.6133,443.6576,129,SPY
1700000002782329442,443.5582,443.5360,443.5804,236,SPY
1700000002783066434,443.6813,443.6591,443.7035,52,SPY
1700000002783509474,443.7131,443.6909,443.7353,391,SPY
1700000002785441113,443.6109,443.5887,443.6331,448,SPY
1700000002786708676,443.6043,443.5821,443.6265,114,SPY
1700000002786872543,443.4665,443.4443,443.4887,141,SPY
1700000002788386341,443.2729,443.2508,443.2951,347,SPY
1700000002789548155,443.2524,443.2302,443.2745,466,SPY
1700000002790506344,443.0593,443.0372,443.0815,441,SPY
1700000002791529292,443.1643,443.1421,443.1864,469,SPY
1700000002791750530,443.3158,443.2937,443.3380,322,SPY
1700000002793156351,443.3332,443.3110,443.3553,435,SPY
1700000002793425375,443.1678,443.1456,443.1900,293,SPY
1700000002795342241,443.2194,443.1972,443.2415,183,SPY
1700000002795738447,443.1948,443.1726,443.2169,250,SPY
1700000002796208133,443.0813,443.0592,443.1035,329,SPY
1700000002797036602,443.0819,443.0597,443.1040,376,SPY
1700000002798581755,443.1944,443.1723,443.2166,324,SPY
1700000002800483399,442.9880,442.9658,443.0101,305,SPY
1700000002800918363,442.9137,442.8916,442.9359,474,SPY
1700000002801348963,442.8675,442.8453,442.8896,276,SPY
1700000002802524538,442.8166,442.7944,442.8387,107,SPY
1700000002803808181,442.8713,442.8492,442.8935,315,SPY
1700000002804168075,442.8568,442.8346,442.8789,421,SPY
1700000002805714599,442.8585,442.8364,442.8807,196,SPY
1700000002806508526,442.9989,442.9768,443.0211,184,SPY
1700000002806763991,442.9923,442.9701,443.0144,76,SPY
1700000002807920629,442.9672,442.9451,442.9894,25,SPY
1700000002809381463,443.1161,443.0939,443.1382,23,SPY
1700000002810303887,442.9419,442.9197,442.9640,152,SPY
1700000002811251642,442.9171,442.8950,442.9393,200,SPY
1700000002811991115,443.0264,443.0042,443.0485,330,SPY
1700000002813581478,443.0085,442.9863,443.0306,466,SPY
1700000002815208023,443.0221,443.0000,443.0443,40,SPY
1700000002815966660,442.9137,442.8916,442.9358,365,SPY
1700000002817531434,442.7870,442.7648,442.8091,388,SPY
1700000002818875012,442.7957,442.7736,442.8179,417,SPY
1700000002820200435,442.7759,442.7538,442.7981,325,SPY
1700000002820510724,442.7859,442.7637,442.8080,244,SPY
1700000002820784603,442.8715,442.8493,442.8936,180,SPY
1700000002821424162,442.8278,442.8057,442.8499,251,SPY
1700000002821984990,442.8664,442.8442,442.8885,29,SPY
1700000002822775114,442.7758,442.7536,442.7979,388,SPY
1700000002823014765,442.6409,442.6188,442.6630,239,SPY
1700000002824992023,442.8174,442.7952,442.8395,333,SPY
1700000002826302805,442.8276,442.8055,442.8497,318,SPY
1700000002826446002,442.8038,442.7817,442.8260,164,SPY
1700000002826629331,442.7971,442.7750,442.8193,151,SPY
1700000002827548034,442.9480,442.9259,442.9702,453,SPY
1700000002828165385,443.0072,442.9851,443.0294,424,SPY
1700000002828724600,442.9272,442.9051,442.9494,270,SPY
1700000002829070744,442.9940,442.9719,443.0162,42,SPY
1700000002829239220,443.2336,443.2114,443.2558,462,SPY
1700000002830496729,443.1136,443.0914,443.1357,128,SPY
1700000002831304407,443.1423,443.1201,443.1645,406,SPY
1700000002832266751,443.0961,443.0739,443.1182,296,SPY
1700000002834215504,443.1713,443.1492,443.1935,143,SPY
1700000002835667511,443.2023,443.1802,443.2245,98,SPY
1700000002836829067,443.0560,443.0338,443.0781,420,SPY
1700000002837017865,442.9954,442.9732,443.0175,384,SPY
1700000002838858879,442.9951,442.9730,443.0173,152,SPY
1700000002839730656,442.9535,442.9313,442.9756,275,SPY
1700000002839970175,443.0285,443.0063,443.0506,490,SPY
1700000002841007996,442.9456,442.9234,442.9677,346,SPY
1700000002842768978,442.9197,442.8976,442.9419,348,SPY
1700000002843607743,442.8896,442.8675,442.9118,211,SPY
1700000002844407540,442.9273,442.9052,442.9495,325,SPY
1700000002846101095,442.9434,442.9213,442.9656,288,SPY
1700000002846777684,443.0355,443.0134,443.0577,299,SPY
1700000002848420173,442.9293,442.9072,442.9515,275,SPY
1700000002849041511,442.8561,442.8340,442.8783,68,SPY
1700000002849413978,442.8315,442.8094,442.8536,216,SPY
1700000002849906649,442.7962,442.7741,442.8183,220,SPY
1700000002851153670,442.7763,442.7542,442.7985,59,SPY
1700000002851894267,442.6905,442.6683,442.7126,236,SPY
1700000002853745939,442.6826,442.6605,442.7047,421,SPY
1700000002855716600,442.7589,442.7368,442.7811,369,SPY
1700000002857586301,442.8473,442.8252,442.8695,167,SPY
1700000002858747561,442.9216,442.8995,442.9438,263,SPY
1700000002859091685,442.9248,442.9027,442.9469,207,SPY
1700000002859294755,442.8260,442.8039,442.8481,404,SPY
1700000002859934837,442.9097,442.8876,442.9319,181,SPY
1700000002860351921,442.9604,442.9382,442.9825,97,SPY
1700000002861931318,442.9080,442.8859,442.9301,336,SPY
1700000002863501356,442.7412,442.7191,442.7634,48,SPY
1700000002865139928,442.7003,442.6782,442.7225,62,SPY
1700000002867085255,442.7787,442.7566,442.8008,479,SPY
1700000002868848104,442.7896,442.7675,442.8118,339,SPY
1700000002868979627,442.8013,442.7792,442.8235,425,SPY
1700000002870202671,442.8699,442.8477,442.8920,163,SPY
1700000002872135114,443.0424,443.0202,443.0645,223,SPY
1700000002873347614,442.9528,442.9306,442.9749,218,SPY
1700000002874486929,442.9914,442.9692,443.0135,288,SPY
1700000002875345109,443.0013,442.9791,443.0234,241,SPY
1700000002875788621,443.0223,443.0001,443.0444,307,SPY
1700000002877042215,443.0221,442.9999,443.0442,183,SPY
1700000002878714329,442.9028,442.8806,442.9249,279,SPY
1700000002880007750,442.9953,442.9732,443.0175,487,SPY
1700000002880697739,443.0653,443.0431,443.0874,377,SPY
1700000002880967765,443.1017,443.0796,443.1239,11,SPY
1700000002882735352,443.0031,442.9810,443.0253,346,SPY
1700000002883850867,443.0670,443.0449,443.0892,57,SPY
1700000002884742875,443.0174,442.9953,443.0396,41,SPY
1700000002886021263,443.1321,443.1100,443.1543,497,SPY
1700000002887245483,442.8767,442.8546,442.8989,175,SPY
1700000002888794225,442.8896,442.8674,442.9117,491,SPY
1700000002890773657,442.8594,442.8372,442.8815,39,SPY
1700000002891835843,443.0858,443.0637,443.1080,16,SPY
1700000002893136548,443.0845,443.0624,443.1067,228,SPY
1700000002893866725,443.1392,443.1171,443.1614,84,SPY
1700000002895706881,443.1963,443.1742,443.2185,53,SPY
1700000002897331335,443.2356,443.2134,443.2577,481,SPY
1700000002898027318,443.3563,443.3341,443.3784,156,SPY
1700000002899647546,443.3393,443.3172,443.3615,353,SPY
1700000002900693200,443.3198,443.2977,443.3420,191,SPY
1700000002901106624,443.3837,443.3615,443.4058,309,SPY
1700000002901509247,443.3509,443.3287,443.3731,387,SPY
1700000002902952002,443.3480,443.3258,443.3701,36,SPY
1700000002904405342,443.2445,443.2223,443.2666,13,SPY
1700000002904784740,443.1936,443.1714,443.2157,177,SPY
1700000002905161409,442.9807,442.9586,443.0029,86,SPY
1700000002906528943,443.0048,442.9827,443.0270,480,SPY
1700000002907671087,443.1568,443.1346,443.1789,149,SPY
1700000002909223591,443.0874,443.0652,443.1095,33,SPY
1700000002910048087,443.0645,443.0423,443.0867,430,SPY
1700000002910564960,443.0842,443.0621,443.1064,418,SPY
1700000002912094253,443.0211,442.9990,443.0433,439,SPY
1700000002912497987,443.0343,443.0122,443.0565,116,SPY
1700000002912617514,442.9924,442.9702,443.0145,374,SPY
1700000002913130717,442.9779,442.9557,443.0000,16,SPY
1700000002914603094,442.9861,442.9639,443.0082,35,SPY
1700000002916352593,442.9883,442.9662,443.0105,165,SPY
1700000002918129516,443.0518,443.0297,443.0740,120,SPY
1700000002919514686,442.9927,442.9705,443.0148,466,SPY
1700000002920756936,443.0779,443.0558,443.1001,471,SPY
1700000002921847995,443.1876,443.1654,443.2097,402,SPY
1700000002923172328,443.1961,443.1740,443.2183,371,SPY
1700000002924376251,443.1942,443.1720,443.2164,365,SPY
1700000002924828738,443.3647,443.3425,443.3868,34,SPY
1700000002925406545,443.4514,443.4292,443.4736,245,SPY
1700000002925897558,443.6217,443.5995,443.6439,150,SPY
1700000002927513012,443.5933,443.5711,443.6155,37,SPY
1700000002927701255,443.6080,443.5858,443.6301,483,SPY
1700000002928217655,443.5885,443.5664,443.6107,69,SPY
1700000002928374198,443.6494,443.6272,443.6716,431,SPY
1700000002930369335,443.5861,443.5639,443.6083,282,SPY
1700000002931613109,443.5688,443.5466,443.5910,93,SPY
1700000002933452186,443.4268,443.4047,443.4490,36,SPY
1700000002934021698,443.4952,443.4731,443.5174,439,SPY
1700000002934292986,443.3591,443.3369,443.3813,186,SPY
1700000002935067615,443.5409,443.5187,443.5631,221,SPY
1700000002936163402,443.5278,443.5056,443.5499,190,SPY
1700000002936888173,443.4388,443.4167,443.4610,409,SPY
1700000002938196316,443.4159,443.3937,443.4381,241,SPY
1700000002938612463,443.4402,443.4181,443.4624,321,SPY
1700000002939999421,443.5128,443.4907,443.5350,254,SPY
1700000002941274829,443.6012,443.5790,443.6234,142,SPY
1700000002942514896,443.3626,443.3405,443.3848,478,SPY
1700000002944425539,443.3178,443.2956,443.3400,410,SPY
1700000002945043400,443.3485,443.3264,443.3707,261,SPY
1700000002945816487,443.4034,443.3812,443.4256,2,SPY
1700000002946134288,443.4208,443.3987,443.4430,105,SPY
1700000002947323515,443.4393,443.4172,443.4615,305,SPY
1700000002948767356,443.4187,443.3966,443.4409,54,SPY
1700000002950600255,443.4475,443.4253,443.4697,163,SPY
1700000002951792211,443.3480,443.3258,443.3701,278,SPY
1700000002953678804,443.4968,443.4746,443.5189,355,SPY
1700000002954626771,443.5409,443.5187,443.5631,11,SPY
1700000002956008700,443.6029,443.5808,443.6251,451,SPY
1700000002957879641,443.7548,443.7326,443.7770,417,SPY
1700000002958158530,443.7409,443.7187,443.7631,224,SPY
1700000002958913777,443.7180,443.6958,443.7401,88,SPY
1700000002959063972,443.6581,443.6359,443.6803,68,SPY
1700000002960064347,443.5923,443.5701,443.6144,399,SPY
1700000002961107323,443.4314,443.4092,443.4536,414,SPY
1700000002961427790,443.3946,443.3725,443.4168,325,SPY
1700000002962316198,443.3335,443.3113,443.3556,36,SPY
1700000002962901196,443.3026,443.2804,443.3247,486,SPY
1700000002964147295,443.2873,443.2651,443.3095,495,SPY
1700000002964875671,443.2884,443.2662,443.3105,312,SPY
1700000002966502626,443.3634,443.3412,443.3856,342,SPY
1700000002966701201,443.3384,443.3162,443.3606,223,SPY
1700000002967898589,443.2701,443.2479,443.2922,299,SPY
1700000002969764065,443.2177,443.1955,443.2399,491,SPY
1700000002971534945,443.2181,443.1959,443.2402,435,SPY
1700000002972468925,443.2367,443.2146,443.2589,93,SPY
1700000002973439663,443.2912,443.2690,443.3133,339,SPY
1700000002974994214,443.2354,443.2132,443.2575,425,SPY
1700000002975653608,443.2931,443.2709,443.3153,213,SPY
1700000002975903958,443.2834,443.2612,443.3056,152,SPY
1700000002977216860,443.2408,443.2187,443.2630,349,SPY
1700000002978227532,443.0961,443.0739,443.1182,47,SPY
1700000002979614990,442.8772,442.8550,442.8993,171,SPY
1700000002980450133,442.9919,442.9697,443.0140,187,SPY
1700000002980604765,443.0865,443.0644,443.1087,240,SPY
1700000002982011007,443.1881,443.1660,443.2103,55,SPY
1700000002983745723,443.2671,443.2449,443.2892,460,SPY
1700000002985497533,443.2623,443.2401,443.2845,347,SPY
1700000002986956510,443.2197,443.1975,443.2419,114,SPY
1700000002987727127,443.2227,443.2006,443.2449,34,SPY
1700000002988336795,443.3031,443.2809,443.3252,16,SPY
1700000002989197270,443.2976,443.2755,443.3198,208,SPY
1700000002990829660,443.3794,443.3572,443.4016,98,SPY
1700000002992801355,443.5169,443.4947,443.5391,194,SPY
1700000002994121324,443.5161,443.4939,443.5382,372,SPY
1700000002995102137,443.4303,443.4081,443.4524,2,SPY
1700000002997027701,443.5043,443.4821,443.5265,327,SPY
1700000002997742228,443.3891,443.3669,443.4112,494,SPY
1700000002998547871,443.5430,443.5208,443.5652,292,SPY
1700000002999510629,443.4160,443.3938,443.4382,19,SPY
1700000003000391660,443.5430,443.5208,443.5652,78,SPY
1700000003001446114,443.5666,443.5444,443.5887,53,SPY
1700000003001924483,443.5673,443.5451,443.5895,179,SPY
1700000003003427084,443.6564,443.6342,443.6786,13,SPY
1700000003005061619,443.5944,443.5722,443.6165,466,SPY
1700000003005662951,443.7410,443.7188,443.7631,275,SPY
1700000003006397529,443.8650,443.8428,443.8872,137,SPY
1700000003007550801,443.9230,443.9008,443.9452,45,SPY
1700000003008370718,443.8943,443.8721,443.9165,148,SPY
1700000003008850739,443.9733,443.9511,443.9955,464,SPY
1700000003009957010,443.8486,443.8264,443.8708,451,SPY
1700000003010530125,443.9356,443.9134,443.9578,428,SPY
1700000003010903538,443.7374,443.7153,443.7596,305,SPY
1700000003011152636,443.6594,443.6372,443.6816,370,SPY
1700000003011863617,443.8037,443.7815,443.8259,402,SPY
1700000003012981689,443.7827,443.7605,443.8048,339,SPY
1700000003014541186,443.7922,443.7700,443.8144,120,SPY
1700000003015991027,443.7129,443.6908,443.7351,188,SPY
1700000003017836304,443.7437,443.7215,443.7659,91,SPY
1700000003018723663,443.8497,443.8275,443.8718,484,SPY
1700000003019128711,443.8344,443.8122,443.8566,310,SPY
1700000003020073558,443.8280,443.8058,443.8502,75,SPY
1700000003021364515,443.8218,443.7996,443.8439,106,SPY
1700000003022945099,443.6381,443.6159,443.6603,61,SPY
1700000003024740455,443.7990,443.7768,443.8212,302,SPY
1700000003025303261,443.8648,443.8426,443.8870,107,SPY
1700000003026929537,443.8577,443.8355,443.8799,10,SPY
1700000003028799983,443.9518,443.9296,443.9740,389,SPY
1700000003030499033,444.0287,444.0065,444.0509,431,SPY
1700000003031809015,443.9212,443.8990,443.9434,218,SPY
1700000003033523608,443.9498,443.9276,443.9720,207,SPY
1700000003033827264,443.9084,443.8862,443.9306,491,SPY
1700000003034100011,443.9320,443.9098,443.9542,372,SPY
1700000003034226435,443.9536,443.9314,443.9758,198,SPY
1700000003034839367,444.0055,443.9833,444.0277,480,SPY
1700000003035879546,444.0785,444.0563,444.1008,127,SPY
1700000003036290655,443.9809,443.9587,444.0031,460,SPY
1700000003036996513,444.0240,444.0018,444.0462,384,SPY
1700000003038722926,443.8975,443.8753,443.9197,239,SPY
1700000003039815251,443.9884,443.9662,444.0106,252,SPY
1700000003040664125,443.9706,443.9484,443.9928,227,SPY
1700000003041259027,443.9211,443.8989,443.9433,246,SPY
1700000003042212406,443.8354,443.8132,443.8576,7,SPY
1700000003043438594,443.8863,443.8641,443.9085,151,SPY
1700000003044713723,444.0180,443.9958,444.0402,447,SPY
1700000003045562197,444.1049,444.0827,444.1271,40,SPY
1700000003046612102,444.1686,444.1464,444.1908,136,SPY
1700000003047156401,444.0213,443.9991,444.0435,490,SPY
1700000003047958516,444.1384,444.1162,444.1606,252,SPY
1700000003048494822,444.1010,444.0788,444.1232,305,SPY
1700000003050482499,444.2060,444.1837,444.2282,218,SPY
1700000003051955041,444.2391,444.2169,444.2613,470,SPY
1700000003053477841,444.1530,444.1308,444.1752,171,SPY
1700000003054882156,444.0176,443.9954,444.0398,126,SPY
1700000003056084053,444.1978,444.1756,444.2200,114,SPY
1700000003056560347,444.3284,444.3061,444.3506,493,SPY
1700000003057272063,444.4451,444.4228,444.4673,282,SPY
1700000003057907692,444.5354,444.5132,444.5576,467,SPY
1700000003058540333,444.4850,444.4628,444.5073,67,SPY
1700000003059447380,444.4953,444.4731,444.5176,252,SPY
1700000003059904648,444.5245,444.5023,444.5468,38,SPY
1700000003060527659,444.6075,444.5853,444.6298,340,SPY
1700000003062208130,444.6640,444.6418,444.6863,298,SPY
1700000003064192681,444.7585,444.7362,444.7807,37,SPY
1700000003066167166,444.7978,444.7756,444.8200,494,SPY
1700000003066482192,444.7219,444.6997,444.7442,445,SPY
1700000003066850076,444.7108,444.6886,444.7331,19,SPY
1700000003067759533,444.6250,444.6028,444.6472,389,SPY
1700000003068485848,444.6731,444.6508,444.6953,227,SPY
1700000003069947135,444.5264,444.5042,444.5487,485,SPY
1700000003070759114,444.6257,444.6035,444.6479,9,SPY
1700000003071192574,444.6352,444.6129,444.6574,189,SPY
1700000003072720731,444.5522,444.5300,444.5744,312,SPY
1700000003072863840,444.5157,444.4935,444.5380,136,SPY
1700000003073424038,444.6038,444.5816,444.6260,185,SPY
1700000003073683154,444.4905,444.4683,444.5127,373,SPY
1700000003075447403,444.3765,444.3543,444.3987,347,SPY
1700000003076714288,444.4234,444.4012,444.4456,284,SPY
1700000003077102631,444.4194,444.3972,444.4416,190,SPY
1700000003077775859,444.4917,444.4695,444.5139,265,SPY
1700000003078199780,444.3764,444.3542,444.3987,344,SPY
1700000003079037942,444.4272,444.4050,444.4495,212,SPY
1700000003080808300,444.4913,444.4690,444.5135,444,SPY
1700000003081242227,444.3594,444.3372,444.3817,326,SPY
1700000003082926348,444.4753,444.4531,444.4975,60,SPY
1700000003084653178,444.4657,444.4435,444.4879,371,SPY
1700000003085036657,444.2838,444.2616,444.3060,327,SPY
1700000003085581689,444.1351,444.1129,444.1573,306,SPY
1700000003086037144,444.1723,444.1501,444.1945,499,SPY
1700000003087898159,444.2714,444.2492,444.2937,391,SPY
1700000003088879027,444.1721,444.1499,444.1943,33,SPY
1700000003089242206,444.1565,444.1343,444.1787,405,SPY
1700000003091010510,444.2392,444.2170,444.2614,62,SPY
1700000003092951067,444.2105,444.1883,444.2327,310,SPY
1700000003093872033,444.2321,444.2099,444.2544,242,SPY
1700000003095699142,444.2846,444.2624,444.3069,312,SPY
1700000003097253800,444.2895,444.2673,444.3117,219,SPY
1700000003098118758,444.2879,444.2657,444.3101,231,SPY
1700000003098838424,444.3241,444.3018,444.3463,124,SPY
1700000003099822882,444.4279,444.4057,444.4501,77,SPY
1700000003100793797,444.3144,444.2922,444.3366,50,SPY
1700000003101180291,444.3215,444.2992,444.3437,228,SPY
1700000003101555230,444.4198,444.3975,444.4420,236,SPY
1700000003102529542,444.3617,444.3395,444.3839,140,SPY
1700000003104436281,444.3860,444.3638,444.4082,377,SPY
1700000003104905793,444.2536,444.2314,444.2758,55,SPY
1700000003106777774,444.4232,444.4010,444.4454,216,SPY
1700000003107574802,444.4634,444.4412,444.4856,486,SPY
1700000003109521556,444.4649,444.4427,444.4871,56,SPY
1700000003110544318,444.4658,444.4436,444.4880,492,SPY
1700000003111948798,444.4393,444.4171,444.4615,38,SPY
1700000003113493115,444.4436,444.4214,444.4658,345,SPY
1700000003115106270,444.4880,444.4658,444.5102,338,SPY
1700000003116069673,444.4635,444.4412,444.4857,306,SPY
1700000003116341584,444.3279,444.3057,444.3501,454,SPY
1700000003117075243,444.3038,444.2816,444.3260,249,SPY
1700000003117803849,444.2702,444.2479,444.2924,309,SPY
1700000003119391400,444.2072,444.1850,444.2295,392,SPY
1700000003119736220,444.2968,444.2746,444.3190,135,SPY
1700000003120903099,444.4117,444.3895,444.4339,27,SPY
1700000003121042269,444.5923,444.5701,444.6145,309,SPY
1700000003122701952,444.6789,444.6567,444.7012,500,SPY
1700000003124058900,444.6409,444.6187,444.6632,5,SPY
1700000003124937104,444.6718,444.6496,444.6941,225,SPY
1700000003125647439,444.7535,444.7313,444.7758,454,SPY
1700000003126838790,444.7146,444.6924,444.7369,72,SPY
1700000003127800274,444.8198,444.7975,444.8420,210,SPY
1700000003128427846,444.7897,444.7675,444.8120,13,SPY
1700000003129344247,444.7023,444.6801,444.7245,448,SPY
1700000003130005614,444.7186,444.6963,444.7408,288,SPY
1700000003131116394,444.5991,444.5768,444.6213,435,SPY
1700000003132820402,444.4507,444.4285,444.4730,427,SPY
1700000003133150834,444.3994,444.3772,444.4217,243,SPY
1700000003134953274,444.4084,444.3862,444.4306,65,SPY
1700000003136106567,444.3498,444.3276,444.3720,205,SPY
1700000003136573926,444.3350,444.3128,444.3572,194,SPY
1700000003137436355,444.2300,444.2078,444.2522,290,SPY
1700000003138740619,444.3298,444.3075,444.3520,265,SPY
1700000003140635076,444.2160,444.1938,444.2382,189,SPY
1700000003142275905,444.2235,444.2013,444.2457,284,SPY
1700000003143185705,444.2680,444.2458,444.2902,466,SPY
1700000003144667235,444.2196,444.1974,444.2418,335,SPY
1700000003145584649,444.2103,444.1881,444.2326,220,SPY
1700000003145772903,444.0085,443.9863,444.0307,485,SPY
1700000003145928040,444.0837,444.0615,444.1059,125,SPY
1700000003146318694,444.0503,444.0281,444.0725,383,SPY
1700000003147710639,444.1309,444.1087,444.1531,7,SPY
1700000003149256099,444.0751,444.0529,444.0973,323,SPY
1700000003149410667,444.0458,444.0236,444.0680,480,SPY
1700000003150005527,444.1398,444.1176,444.1620,189,SPY
1700000003151016782,444.1750,444.1528,444.1972,146,SPY
1700000003151509929,444.1846,444.1624,444.2068,387,SPY
1700000003153203272,444.0009,443.9787,444.0231,248,SPY
1700000003153807188,443.9517,443.9295,443.9739,136,SPY
1700000003154130036,444.0955,444.0733,444.1177,470,SPY
1700000003155713203,444.1228,444.1006,444.1450,243,SPY
1700000003156117056,444.1583,444.1361,444.1805,449,SPY
1700000003156912511,444.3259,444.3037,444.3481,340,SPY
1700000003157909819,444.4982,444.4759,444.5204,242,SPY
1700000003159035413,444.3871,444.3649,444.4094,159,SPY
1700000003160502455,444.4730,444.4508,444.4952,65,SPY
1700000003161632411,444.4818,444.4595,444.5040,400,SPY
1700000003162100415,444.5339,444.5117,444.5562,89,SPY
1700000003162899457,444.4206,444.3983,444.4428,330,SPY
1700000003163830532,444.5142,444.4920,444.5365,35,SPY
1700000003164269110,444.5865,444.5643,444.6088,308,SPY
1700000003165361295,444.5163,444.4941,444.5385,82,SPY
1700000003166860364,444.5033,444.4811,444.5255,360,SPY
1700000003168400182,444.4772,444.4550,444.4994,481,SPY
1700000003170256975,444.4401,444.4179,444.4623,271,SPY
1700000003170875132,444.4516,444.4294,444.4738,303,SPY
1700000003172771570,444.3302,444.3080,444.3525,466,SPY
1700000003173982535,444.3950,444.3728,444.4172,40,SPY
1700000003174243593,444.6000,444.5778,444.6223,426,SPY
1700000003174646266,444.4465,444.4243,444.4687,261,SPY
1700000003175349050,444.3527,444.3305,444.3749,257,SPY
1700000003175465872,444.3820,444.3597,444.4042,287,SPY
1700000003176491555,444.5358,444.5136,444.5580,97,SPY
1700000003178176255,444.6425,444.6203,444.6648,182,SPY
1700000003179944310,444.7853,444.7630,444.8075,208,SPY
1700000003180616988,444.9387,444.9165,444.9610,113,SPY
1700000003181895213,444.9174,444.8952,444.9397,254,SPY
1700000003182780521,444.7800,444.7578,444.8023,38,SPY
1700000003184540900,444.8186,444.7964,444.8409,273,SPY
1700000003186306810,444.7876,444.7653,444.8098,11,SPY
1700000003186599091,444.7851,444.7628,444.8073,243,SPY
1700000003188595279,444.9179,444.8956,444.9401,354,SPY
1700000003188879551,444.7930,444.7707,444.8152,55,SPY
1700000003190798534,444.5943,444.5721,444.6165,61,SPY
1700000003191778570,444.5881,444.5659,444.6103,118,SPY
1700000003193008070,444.4691,444.4469,444.4913,32,SPY
1700000003193192346,444.3360,444.3137,444.3582,401,SPY
1700000003195159377,444.2929,444.2707,444.3151,291,SPY
1700000003195857990,444.2483,444.2261,444.2705,161,SPY
1700000003197237473,444.3821,444.3598,444.4043,309,SPY
1700000003199075165,444.3992,444.3769,444.4214,231,SPY
1700000003200248065,444.4122,444.3900,444.4344,485,SPY
1700000003201269089,444.1852,444.1630,444.2074,385,SPY
1700000003202080412,444.1177,444.0955,444.1399,50,SPY
1700000003203944596,444.1013,444.0791,444.1235,140,SPY
1700000003205425467,444.1937,444.1715,444.2159,90,SPY
1700000003206425905,444.1695,444.1473,444.1918,38,SPY
1700000003207574775,444.0136,443.9914,444.0358,301,SPY
1700000003208415591,443.8504,443.8282,443.8726,130,SPY
1700000003209977678,443.8638,443.8417,443.8860,50,SPY
1700000003210951013,443.9191,443.8969,443.9413,336,SPY
1700000003212687295,444.0068,443.9846,444.0290,62,SPY
1700000003212926432,443.9139,443.8917,443.9361,47,SPY
1700000003214880295,443.9116,443.8894,443.9338,46,SPY
1700000003215095059,443.9004,443.8782,443.9226,13,SPY
1700000003216226321,444.1204,444.0982,444.1426,169,SPY
1700000003217597562,444.0069,443.9847,444.0291,213,SPY
1700000003217971626,444.1492,444.1270,444.1715,21,SPY
1700000003219717858,444.3992,444.3770,444.4214,56,SPY
1700000003220887713,444.1767,444.1544,444.1989,483,SPY
1700000003222099729,444.1672,444.1450,444.1894,480,SPY
1700000003223521334,444.3329,444.3107,444.3551,440,SPY
1700000003224351602,444.3714,444.3491,444.3936,152,SPY
1700000003224909085,444.3751,444.3529,444.3973,261,SPY
1700000003225502783,444.4248,444.4026,444.4470,310,SPY
1700000003227059417,444.2007,444.1785,444.2229,369,SPY
1700000003227315281,444.1517,444.1295,444.1739,282,SPY
1700000003227839335,444.1220,444.0998,444.1442,376,SPY
1700000003229060891,443.9969,443.9747,444.0191,387,SPY
1700000003229972150,444.0084,443.9862,444.0306,343,SPY
1700000003230746846,443.9213,443.8991,443.9435,322,SPY
1700000003231875350,443.8095,443.7873,443.8317,22,SPY
1700000003232491985,443.8692,443.8471,443.8914,258,SPY
1700000003233856902,443.8257,443.8035,443.8479,179,SPY
1700000003234212042,443.8096,443.7874,443.8318,480,SPY
1700000003235373722,444.0180,443.9958,444.0402,3,SPY
1700000003236717265,443.9366,443.9144,443.9588,130,SPY
1700000003238126059,443.8945,443.8723,443.9167,280,SPY
1700000003238329588,443.8800,443.8578,443.9022,191,SPY
1700000003239801361,443.9547,443.9325,443.9769,246,SPY
1700000003240909221,444.1028,444.0806,444.1250,495,SPY
1700000003241300269,444.0443,444.0221,444.0665,219,SPY
1700000003241651749,444.0973,444.0751,444.1195,350,SPY
1700000003242367751,443.9718,443.9496,443.9940,460,SPY
1700000003243764060,444.0129,443.9907,444.0351,42,SPY
1700000003244299559,444.0734,444.0512,444.0956,387,SPY
1700000003245981065,443.9341,443.9119,443.9563,313,SPY
1700000003247799952,443.8779,443.8557,443.9001,348,SPY
1700000003249441710,443.8659,443.8437,443.8881,138,SPY
1700000003251124733,444.0324,444.0102,444.0546,466,SPY
1700000003252028175,444.2538,444.2316,444.2760,276,SPY
1700000003253359882,444.1377,444.1155,444.1599,344,SPY
1700000003255123307,444.1655,444.1433,444.1877,173,SPY
1700000003255677293,444.1978,444.1755,444.2200,139,SPY
1700000003256142744,444.1848,444.1626,444.2070,241,SPY
1700000003257292785,444.2154,444.1932,444.2376,364,SPY
1700000003257560238,444.2424,444.2202,444.2646,334,SPY
1700000003258744872,444.0176,443.9954,444.0398,42,SPY
1700000003259394831,443.9276,443.9054,443.9497,344,SPY
1700000003261355143,443.8520,443.8298,443.8742,442,SPY
1700000003261455226,443.9200,443.8978,443.9422,229,SPY
1700000003262228395,443.8981,443.8759,443.9203,330,SPY
1700000003262656598,443.9380,443.9158,443.9602,6,SPY
1700000003264444524,444.0238,444.0016,444.0460,45,SPY
1700000003265992870,444.1300,444.1077,444.1522,425,SPY
1700000003266653147,443.9749,443.9527,443.9971,85,SPY
1700000003266854652,444.0412,444.0190,444.0634,121,SPY
1700000003268694591,443.9671,443.9449,443.9893,155,SPY
1700000003269197388,443.8240,443.8018,443.8461,310,SPY
1700000003270286025,443.8008,443.7786,443.8229,485,SPY
1700000003270981046,443.7262,443.7040,443.7484,99,SPY
1700000003271127247,443.7340,443.7118,443.7561,308,SPY
1700000003271510152,443.5869,443.5647,443.6090,274,SPY
1700000003273176321,443.5404,443.5182,443.5626,283,SPY
1700000003273814056,443.4892,443.4670,443.5114,57,SPY
1700000003274939994,443.5083,443.4861,443.5305,226,SPY
1700000003276755576,443.5233,443.5011,443.5455,247,SPY
1700000003277357738,443.4705,443.4484,443.4927,213,SPY
1700000003278331085,443.3648,443.3427,443.3870,363,SPY
1700000003279739411,443.2855,443.2634,443.3077,312,SPY
1700000003280407077,443.1082,443.0860,443.1303,418,SPY
1700000003280857348,443.2853,443.2632,443.3075,300,SPY
1700000003282132654,443.3251,443.3030,443.3473,26,SPY
1700000003282475466,443.2666,443.2444,443.2887,55,SPY
1700000003282636655,443.3608,443.3386,443.3829,69,SPY
1700000003283294975,443.4486,443.4264,443.4707,135,SPY
1700000003284563715,443.3707,443.3486,443.3929,13,SPY
1700000003285576774,443.3529,443.3307,443.3750,129,SPY
1700000003286958002,443.3209,443.2987,443.3431,426,SPY
1700000003287676281,443.5369,443.5147,443.5590,431,SPY
1700000003289456726,443.3676,443.3455,443.3898,324,SPY
1700000003290241075,443.3979,443.3757,443.4201,104,SPY
1700000003291465436,443.4144,443.3922,443.4366,300,SPY
1700000003292150470,443.3443,443.3222,443.3665,434,SPY
1700000003293268275,443.3457,443.3235,443.3679,487,SPY
1700000003294444936,443.2703,443.2481,443.2924,212,SPY
1700000003296322950,443.3825,443.3603,443.4046,43,SPY
1700000003296465620,443.3784,443.3562,443.4006,476,SPY
1700000003296634138,443.3491,443.3270,443.3713,194,SPY
1700000003297978236,443.4842,443.4620,443.5064,379,SPY
1700000003298867958,443.5805,443.5583,443.6027,311,SPY
1700000003299286232,443.5687,443.5465,443.5909,194,SPY
1700000003300276640,443.4182,443.3960,443.4403,192,SPY
1700000003301381392,443.4115,443.3893,443.4336,11,SPY
1700000003303079664,443.2930,443.2709,443.3152,379,SPY
1700000003303291229,443.0196,442.9974,443.0417,123,SPY
1700000003305224931,443.1419,443.1197,443.1640,1,SPY
1700000003305985884,443.2628,443.2406,443.2849,483,SPY
1700000003307773478,443.3389,443.3167,443.3611,403,SPY
1700000003308009929,443.2439,443.2218,443.2661,260,SPY
1700000003309533435,443.3916,443.3694,443.4138,483,SPY
1700000003311078112,443.4537,443.4315,443.4758,358,SPY
1700000003312779517,443.3895,443.3673,443.4116,36,SPY
1700000003314779287,443.3792,443.3570,443.4014,417,SPY
1700000003316044512,443.4992,443.4770,443.5214,338,SPY
1700000003317258696,443.5185,443.4963,443.5407,146,SPY
1700000003319011444,443.5460,443.5238,443.5681,397,SPY
1700000003320826653,443.5246,443.5024,443.5468,450,SPY
1700000003321232322,443.4509,443.4288,443.4731,237,SPY
1700000003321618905,443.3574,443.3353,443.3796,135,SPY
1700000003323349798,443.1599,443.1377,443.1820,447,SPY
1700000003325343827,443.3540,443.3318,443.3761,219,SPY
1700000003325558881,443.2389,443.2168,443.2611,317,SPY
1700000003326204870,443.3117,443.2896,443.3339,17,SPY
1700000003327046885,443.2512,443.2290,443.2733,193,SPY
1700000003329016298,443.1061,443.0840,443.1283,350,SPY
1700000003330938726,443.1230,443.1008,443.1451,492,SPY
1700000003332239028,443.2603,443.2382,443.2825,443,SPY
1700000003333452888,443.2119,443.1897,443.2340,152,SPY
1700000003334532089,443.2783,443.2562,443.3005,407,SPY
1700000003335126673,443.2745,443.2524,443.2967,154,SPY
1700000003336358081,443.3289,443.3067,443.3511,36,SPY
1700000003337371932,443.3983,443.3761,443.4205,5,SPY
1700000003338619188,443.2521,443.2300,443.2743,321,SPY
1700000003340279477,443.1841,443.1619,443.2062,432,SPY
1700000003341298204,442.9796,442.9574,443.0017,283,SPY
1700000003342024786,443.0078,442.9856,443.0299,34,SPY
1700000003342800902,442.9034,442.8812,442.9255,440,SPY
1700000003343627204,442.8293,442.8071,442.8514,56,SPY
1700000003345329968,442.8723,442.8502,442.8945,4,SPY
1700000003346500387,442.9583,442.9362,442.9805,9,SPY
1700000003347039501,442.8736,442.8515,442.8958,92,SPY
1700000003347993729,442.8063,442.7841,442.8284,120,SPY
1700000003349315635,442.5941,442.5720,442.6163,324,SPY
1700000003350665166,442.5135,442.4914,442.5356,348,SPY
1700000003351346233,442.3194,442.2973,442.3415,342,SPY
1700000003352025757,442.3233,442.3012,442.3454,126,SPY
1700000003352809090,442.3766,442.3545,442.3988,392,SPY
1700000003354101085,442.5723,442.5502,442.5944,351,SPY
1700000003355692504,442.4621,442.4400,442.4842,392,SPY
1700000003356280339,442.4220,442.3999,442.4441,125,SPY
1700000003356852612,442.3040,442.2819,442.3261,288,SPY
1700000003357005597,442.4793,442.4572,442.5014,85,SPY
1700000003358841493,442.5072,442.4851,442.5293,311,SPY
1700000003360579080,442.4837,442.4616,442.5058,131,SPY
1700000003361242294,442.3984,442.3763,442.4205,447,SPY
1700000003362525627,442.5207,442.4986,442.5428,375,SPY
1700000003363080418,442.5155,442.4934,442.5376,428,SPY
1700000003364770991,442.5926,442.5704,442.6147,451,SPY
1700000003365112902,442.5463,442.5242,442.5684,465,SPY
1700000003366498900,442.5203,442.4981,442.5424,444,SPY
1700000003367810897,442.6259,442.6037,442.6480,35,SPY
1700000003368535465,442.4923,442.4702,442.5145,171,SPY
1700000003369551652,442.4972,442.4751,442.5193,316,SPY
1700000003369667701,442.5263,442.5042,442.5485,132,SPY
1700000003370851171,442.4956,442.4735,442.5177,281,SPY
1700000003372449763,442.4340,442.4119,442.4562,56,SPY
1700000003373393205,442.4921,442.4699,442.5142,284,SPY
1700000003374777317,442.4800,442.4579,442.5021,348,SPY
1700000003375881147,442.5716,442.5495,442.5938,172,SPY
1700000003376101653,442.4460,442.4238,442.4681,77,SPY
1700000003377587750,442.5232,442.5011,442.5453,186,SPY
1700000003379569679,442.5201,442.4979,442.5422,300,SPY
1700000003380713729,442.7132,442.6911,442.7354,414,SPY
1700000003381603469,442.7043,442.6821,442.7264,32,SPY
1700000003381931730,442.6510,442.6289,442.6732,495,SPY
1700000003383681455,442.6289,442.6068,442.6510,149,SPY
1700000003384334774,442.6641,442.6420,442.6863,348,SPY
1700000003386199423,442.7171,442.6950,442.7393,135,SPY
1700000003386431097,442.7329,442.7107,442.7550,440,SPY
1700000003387952828,442.7118,442.6896,442.7339,132,SPY
1700000003388579319,442.5186,442.4964,442.5407,185,SPY
1700000003389579232,442.5317,442.5096,442.5538,377,SPY
1700000003390363912,442.4526,442.4305,442.4748,400,SPY
1700000003391944497,442.5234,442.5012,442.5455,227,SPY
1700000003392630423,442.6787,442.6566,442.7008,191,SPY
1700000003394558197,442.7168,442.6947,442.7390,358,SPY
1700000003395782280,442.6316,442.6095,442.6537,388,SPY
1700000003397257651,442.5845,442.5624,442.6067,342,SPY
1700000003397609770,442.7047,442.6826,442.7268,441,SPY
1700000003398522458,442.7894,442.7672,442.8115,114,SPY
1700000003398744746,442.8096,442.7874,442.8317,320,SPY
1700000003398980576,442.6330,442.6108,442.6551,6,SPY
1700000003400264281,442.5112,442.4891,442.5334,70,SPY
1700000003401262579,442.3956,442.3735,442.4177,406,SPY
1700000003403043019,442.3672,442.3451,442.3893,225,SPY
1700000003404986643,442.3909,442.3688,442.4130,168,SPY
1700000003406480950,442.4159,442.3937,442.4380,286,SPY
1700000003407698013,442.4834,442.4613,442.5055,203,SPY
1700000003408820209,442.6097,442.5876,442.6318,100,SPY
1700000003410570131,442.6956,442.6734,442.7177,463,SPY
1700000003410883073,442.6845,442.6624,442.7066,11,SPY
1700000003411639479,442.6535,442.6314,442.6757,121,SPY
1700000003413194196,442.5328,442.5107,442.5550,367,SPY
1700000003413854525,442.6406,442.6185,442.6628,200,SPY
1700000003414370154,442.5811,442.5590,442.6033,190,SPY
1700000003415223310,442.5785,442.5564,442.6007,58,SPY
1700000003417131814,442.7004,442.6783,442.7226,414,SPY
1700000003418500649,442.6217,442.5995,442.6438,198,SPY
1700000003419018518,442.4837,442.4616,442.5058,455,SPY
1700000003420083645,442.4002,442.3781,442.4223,342,SPY
1700000003420983461,442.4651,442.4430,442.4872,439,SPY
1700000003422071678,442.4390,442.4168,442.4611,230,SPY
1700000003423984616,442.5452,442.5230,442.5673,442,SPY
1700000003424574877,442.3929,442.3707,442.4150,321,SPY
1700000003425095483,442.5271,442.5050,442.5492,80,SPY
1700000003425724284,442.5299,442.5077,442.5520,454,SPY
1700000003427570704,442.4590,442.4369,442.4812,392,SPY
1700000003429304733,442.4148,442.3927,442.4369,268,SPY
1700000003430293506,442.4233,442.4012,442.4454,73,SPY
1700000003432149271,442.4606,442.4384,442.4827,419,SPY
1700000003433894573,442.5565,442.5344,442.5786,100,SPY
1700000003434988386,442.6735,442.6514,442.6957,115,SPY
1700000003435184261,442.5460,442.5238,442.5681,80,SPY
1700000003435326780,442.5088,442.4867,442.5310,238,SPY
1700000003436320227,442.4088,442.3867,442.4309,193,SPY
1700000003437577833,442.3762,442.3541,442.3983,315,SPY
1700000003439111714,442.2882,442.2661,442.3103,405,SPY
1700000003440077551,442.2524,442.2303,442.2745,160,SPY
1700000003441355867,442.2127,442.1906,442.2348,189,SPY
1700000003441552323,442.1410,442.1189,442.1631,10,SPY
1700000003443444407,442.2023,442.1802,442.2244,310,SPY
1700000003444413593,442.2189,442.1967,442.2410,123,SPY
1700000003445017212,442.1659,442.1438,442.1881,236,SPY
1700000003446899433,442.0405,442.0184,442.0626,15,SPY
1700000003447670148,442.0136,441.9915,442.0357,272,SPY
1700000003449245130,442.0917,442.0696,442.1138,384,SPY
1700000003449974698,442.0445,442.0224,442.0666,26,SPY
1700000003450920621,442.1418,442.1197,442.1639,277,SPY
1700000003452493850,442.1386,442.1165,442.1607,167,SPY
1700000003453810026,442.2354,442.2133,442.2575,279,SPY
1700000003455295499,442.1482,442.1261,442.1703,153,SPY
1700000003456950191,442.1724,442.1503,442.1945,452,SPY
1700000003458402488,442.1129,442.0908,442.1350,316,SPY
1700000003460398689,442.2413,442.2191,442.2634,266,SPY
1700000003461548934,442.4118,442.3897,442.4339,408,SPY
1700000003461736209,442.4607,442.4386,442.4829,466,SPY
1700000003461991385,442.4921,442.4699,442.5142,420,SPY
1700000003462325888,442.5259,442.5038,442.5480,190,SPY
1700000003462433847,442.5317,442.5096,442.5538,207,SPY
1700000003463233952,442.4191,442.3970,442.4413,88,SPY
1700000003464470227,442.4633,442.4412,442.4854,119,SPY
1700000003465209293,442.3481,442.3259,442.3702,325,SPY
1700000003465520355,442.4449,442.4228,442.4670,176,SPY
1700000003466611536,442.4418,442.4197,442.4639,65,SPY
1700000003467111522,442.4452,442.4231,442.4673,386,SPY
1700000003468135420,442.3030,442.2809,442.3251,69,SPY
1700000003468641797,442.3783,442.3562,442.4004,232,SPY
1700000003469378518,442.5780,442.5558,442.6001,312,SPY
1700000003471185019,442.5175,442.4954,442.5396,337,SPY
1700000003471520228,442.6308,442.6087,442.6530,500,SPY
1700000003472907924,442.4518,442.4296,442.4739,397,SPY
1700000003473249630,442.3035,442.2814,442.3256,250,SPY
1700000003474932810,442.2552,442.2331,442.2773,372,SPY
1700000003475554349,442.4394,442.4172,442.4615,48,SPY
1700000003477519199,442.4053,442.3832,442.4274,85,SPY
1700000003477908752,442.5031,442.4809,442.5252,394,SPY
1700000003479027316,442.4855,442.4634,442.5076,50,SPY
1700000003480909959,442.4854,442.4633,442.5076,274,SPY
1700000003481225537,442.3198,442.2977,442.3419,430,SPY
1700000003482945702,442.2663,442.2442,442.2884,223,SPY
1700000003484899443,442.3403,442.3182,442.3624,165,SPY
1700000003486164659,442.3907,442.3685,442.4128,41,SPY
1700000003488137560,442.3010,442.2789,442.3231,474,SPY
1700000003488904146,442.1035,442.0814,442.1256,423,SPY
1700000003489182073,442.1843,442.1622,442.2064,55,SPY
1700000003489788413,442.1630,442.1409,442.1851,276,SPY
1700000003491746016,441.9906,441.9685,442.0127,391,SPY
1700000003493021496,441.9136,441.8915,441.9357,65,SPY
1700000003494237700,441.7995,441.7774,441.8216,462,SPY
1700000003495856350,441.8825,441.8604,441.9046,427,SPY
1700000003496095144,441.9528,441.9307,441.9749,31,SPY
1700000003497046699,441.8803,441.8582,441.9023,435,SPY
1700000003498226569,441.8416,441.8195,441.8636,171,SPY
1700000003499556415,442.0408,442.0187,442.0629,265,SPY
1700000003500477746,442.1514,442.1293,442.1735,224,SPY
1700000003500618037,441.9681,441.9460,441.9902,387,SPY
1700000003502050641,441.9086,441.8865,441.9307,263,SPY
1700000003503797727,441.8455,441.8234,441.8675,459,SPY
1700000003503962005,442.0088,441.9867,442.0309,31,SPY
1700000003505273632,442.0848,442.0627,442.1069,63,SPY
1700000003506929943,442.1837,442.1616,442.2059,270,SPY
1700000003507186483,442.0428,442.0207,442.0649,126,SPY
1700000003507675705,442.0798,442.0577,442.1019,293,SPY
1700000003509181610,442.3106,442.2885,442.3327,102,SPY
1700000003509720521,442.3650,442.3429,442.3871,129,SPY
1700000003510718211,442.2612,442.2391,442.2833,98,SPY
1700000003511281724,442.2206,442.1985,442.2427,51,SPY
1700000003511590660,442.2204,442.1983,442.2425,324,SPY
1700000003512901630,442.2301,442.2080,442.2522,243,SPY
1700000003513741349,442.1550,442.1329,442.1771,369,SPY
1700000003514856544,442.1619,442.1398,442.1840,195,SPY
1700000003516801220,442.0691,442.0470,442.0912,157,SPY
1700000003518445428,442.0195,441.9974,442.0416,219,SPY
1700000003519272363,442.0554,442.0333,442.0775,429,SPY
1700000003519521105,442.0865,442.0644,442.1086,82,SPY
1700000003519933788,442.0103,441.9882,442.0324,354,SPY
1700000003521118840,442.1078,442.0857,442.1299,282,SPY
1700000003521963232,441.9913,441.9692,442.0134,484,SPY
1700000003523081650,441.8501,441.8281,441.8722,446,SPY
1700000003524558057,441.7775,441.7554,441.7995,385,SPY
1700000003524798220,441.8452,441.8232,441.8673,233,SPY
1700000003525371354,441.8616,441.8396,441.8837,245,SPY
1700000003527334033,441.7350,441.7129,441.7571,338,SPY
1700000003528175160,441.7880,441.7659,441.8101,421,SPY
1700000003530111883,441.9320,441.9099,441.9541,418,SPY
1700000003530909983,441.9149,441.8928,441.9370,482,SPY
1700000003532832477,441.8790,441.8569,441.9011,420,SPY
1700000003533032133,441.6735,441.6514,441.6955,219,SPY
1700000003533746673,441.6564,441.6343,441.6785,269,SPY
1700000003535696242,441.4935,441.4714,441.5156,178,SPY
1700000003537131355,441.5638,441.5417,441.5859,382,SPY
1700000003537284795,441.4611,441.4390,441.4831,186,SPY
1700000003538440212,441.4612,441.4391,441.4833,396,SPY
1700000003538893918,441.4998,441.4777,441.5218,301,SPY
1700000003540052098,441.3916,441.3696,441.4137,228,SPY
1700000003540819269,441.3704,441.3483,441.3925,345,SPY
1700000003542581947,441.3320,441.3100,441.3541,187,SPY
1700000003544032050,441.3403,441.3182,441.3624,95,SPY
1700000003545484841,441.2618,441.2398,441.2839,242,SPY
1700000003547446925,441.2538,441.2317,441.2759,238,SPY
1700000003549281297,441.2939,441.2718,441.3160,290,SPY
1700000003550899781,441.3878,441.3658,441.4099,302,SPY
1700000003551432003,441.4534,441.4314,441.4755,3,SPY
1700000003553059106,441.5349,441.5128,441.5570,39,SPY
1700000003553908817,441.4354,441.4134,441.4575,440,SPY
1700000003554267192,441.4838,441.4617,441.5059,63,SPY
1700000003555618554,441.5989,441.5768,441.6209,106,SPY
1700000003557015473,441.5265,441.5044,441.5486,197,SPY
1700000003558276744,441.4577,441.4356,441.4798,391,SPY
1700000003560260307,441.3960,441.3739,441.4181,166,SPY
1700000003560456666,441.3024,441.2803,441.3244,242,SPY
1700000003561534732,441.2025,441.1804,441.2245,240,SPY
1700000003562836203,441.2542,441.2321,441.2762,28,SPY
1700000003563139369,441.1453,441.1232,441.1673,311,SPY
1700000003564961090,441.0493,441.0272,441.0713,234,SPY
1700000003565354750,440.9845,440.9624,441.0065,347,SPY
1700000003566663043,441.0129,440.9908,441.0350,438,SPY
1700000003566991835,441.1252,441.1032,441.1473,451,SPY
1700000003568756355,441.0712,441.0491,441.0932,277,SPY
1700000003569908586,441.1985,441.1764,441.2205,76,SPY
1700000003570795358,441.1138,441.0918,441.1359,216,SPY
1700000003571160349,441.1682,441.1462,441.1903,304,SPY
1700000003571944373,441.1121,441.0900,441.1341,297,SPY
1700000003572138317,441.1195,441.0975,441.1416,264,SPY
1700000003572646550,441.0308,441.0087,441.0528,41,SPY
1700000003573849839,441.1307,441.1086,441.1527,87,SPY
1700000003574781273,441.1956,441.1736,441.2177,447,SPY
1700000003574908088,441.2136,441.1916,441.2357,358,SPY
1700000003576088637,441.2505,441.2284,441.2725,6,SPY
1700000003577279844,441.3208,441.2988,441.3429,496,SPY
1700000003577639576,441.3923,441.3703,441.4144,73,SPY
1700000003579134324,441.4958,441.4737,441.5179,123,SPY
1700000003580777654,441.3561,441.3341,441.3782,349,SPY
1700000003582231105,441.2834,441.2614,441.3055,357,SPY
1700000003582611098,441.3483,441.3263,441.3704,264,SPY
1700000003583946656,441.3602,441.3381,441.3822,488,SPY
1700000003585476280,441.3053,441.2832,441.3274,42,SPY
1700000003585759976,441.3274,441.3053,441.3495,383,SPY
1700000003586605024,441.3255,441.3034,441.3476,66,SPY
1700000003587101069,441.3381,441.3161,441.3602,314,SPY
1700000003587355755,441.3154,441.2933,441.3375,285,SPY
1700000003588093941,441.3825,441.3604,441.4046,488,SPY
1700000003588375298,441.4327,441.4106,441.4548,392,SPY
1700000003588598032,441.4082,441.3861,441.4303,215,SPY
1700000003589302134,441.4350,441.4129,441.4570,52,SPY
1700000003589892999,441.3557,441.3337,441.3778,433,SPY
1700000003591814578,441.4035,441.3814,441.4256,414,SPY
1700000003592627130,441.5067,441.4846,441.5288,60,SPY
1700000003593816668,441.4370,441.4150,441.4591,408,SPY
1700000003594022772,441.4263,441.4043,441.4484,192,SPY
1700000003594526248,441.3890,441.3669,441.4111,484,SPY
1700000003596308393,441.4990,441.4769,441.5210,390,SPY
1700000003598023610,441.4052,441.3831,441.4272,234,SPY
1700000003599651728,441.3765,441.3545,441.3986,209,SPY
1700000003600301110,441.3758,441.3538,441.3979,476,SPY
1700000003602215330,441.3726,441.3505,441.3947,168,SPY
1700000003603809953,441.3900,441.3680,441.4121,411,SPY
1700000003604568150,441.4802,441.4581,441.5022,290,SPY
1700000003606461513,441.4435,441.4215,441.4656,48,SPY
1700000003606611045,441.4822,441.4601,441.5043,464,SPY
1700000003606918748,441.4650,441.4429,441.4871,50,SPY
1700000003608473401,441.3360,441.3139,441.3581,380,SPY
1700000003609670505,441.4437,441.4217,441.4658,26,SPY
1700000003611240488,441.4469,441.4248,441.4689,78,SPY
1700000003612624677,441.3491,441.3270,441.3711,134,SPY
1700000003613683968,441.3705,441.3484,441.3926,233,SPY
1700000003614913915,441.4401,441.4180,441.4622,219,SPY
1700000003616883158,441.5124,441.4903,441.5345,408,SPY
1700000003618779476,441.5221,441.5000,441.5441,50,SPY
1700000003620290524,441.6120,441.5899,441.6341,176,SPY
1700000003621469762,441.6103,441.5882,441.6324,15,SPY
1700000003622637498,441.7044,441.6823,441.7265,406,SPY
1700000003622990977,441.6921,441.6700,441.7142,18,SPY
1700000003624943189,441.6408,441.6187,441.6629,406,SPY
1700000003626045208,441.5338,441.5117,441.5559,239,SPY
1700000003626156747,441.5418,441.5197,441.5638,136,SPY
1700000003627180853,441.5584,441.5364,441.5805,37,SPY
1700000003627980011,441.6711,441.6490,441.6931,257,SPY
1700000003628472741,441.4725,441.4504,441.4946,41,SPY
1700000003630228944,441.4295,441.4074,441.4516,306,SPY
1700000003630625238,441.4160,441.3939,441.4381,325,SPY
1700000003631469661,441.3840,441.3619,441.4061,184,SPY
1700000003632726116,441.4108,441.3887,441.4328,251,SPY
1700000003633459587,441.4738,441.4518,441.4959,230,SPY
1700000003634787183,441.4393,441.4172,441.4613,259,SPY
1700000003636297265,441.3482,441.3261,441.3703,353,SPY
1700000003636946204,441.3263,441.3042,441.3484,280,SPY
1700000003637366652,441.3688,441.3467,441.3909,75,SPY
1700000003638918687,441.3780,441.3559,441.4000,420,SPY
1700000003639651695,441.3998,441.3778,441.4219,399,SPY
1700000003640652830,441.3716,441.3495,441.3937,263,SPY
1700000003641349647,441.4142,441.3922,441.4363,249,SPY
1700000003641841259,441.3323,441.3102,441.3544,159,SPY
1700000003641949090,441.2799,441.2578,441.3019,385,SPY
1700000003643674657,441.2039,441.1819,441.2260,118,SPY
1700000003645451673,441.1723,441.1503,441.1944,487,SPY
1700000003646077306,441.0201,440.9981,441.0422,174,SPY
1700000003647682404,441.0776,441.0555,441.0996,284,SPY
1700000003648580298,440.9003,440.8782,440.9223,263,SPY
1700000003650572473,440.8129,440.7909,440.8349,56,SPY
1700000003651670993,440.7683,440.7462,440.7903,324,SPY
1700000003651992123,440.6751,440.6531,440.6971,156,SPY
1700000003653596213,440.6120,440.5900,440.6340,33,SPY
1700000003655463233,440.5673,440.5452,440.5893,407,SPY
1700000003657367887,440.5534,440.5313,440.5754,321,SPY
1700000003658680456,440.5523,440.5302,440.5743,423,SPY
1700000003660404539,440.6459,440.6239,440.6679,218,SPY
1700000003661915188,440.6587,440.6367,440.6807,473,SPY
1700000003663227757,440.6366,440.6146,440.6586,316,SPY
1700000003664559488,440.6275,440.6055,440.6496,462,SPY
1700000003666435028,440.5209,440.4988,440.5429,68,SPY
1700000003667364293,440.4216,440.3996,440.4436,123,SPY
1700000003668290216,440.3527,440.3307,440.3747,171,SPY
1700000003669904109,440.2958,440.2738,440.3178,103,SPY
1700000003671604306,440.2628,440.2408,440.2848,342,SPY
1700000003673206267,440.3752,440.3532,440.3973,209,SPY
1700000003674684546,440.3472,440.3251,440.3692,465,SPY
1700000003675802331,440.3475,440.3255,440.3695,295,SPY
1700000003677279402,440.2822,440.2601,440.3042,238,SPY
1700000003677424701,440.3464,440.3244,440.3684,153,SPY
1700000003678141882,440.4107,440.3887,440.4328,38,SPY
1700000003679315972,440.2943,440.2723,440.3164,39,SPY
1700000003680992017,440.2846,440.2626,440.3066,33,SPY
1700000003681446894,440.3009,440.2789,440.3230,374,SPY
1700000003681711062,440.2186,440.1966,440.2406,279,SPY
1700000003682993515,440.2324,440.2104,440.2545,91,SPY
1700000003683664376,440.2312,440.2092,440.2532,105,SPY
1700000003685378549,440.3354,440.3134,440.3574,406,SPY
1700000003686295319,440.3168,440.2948,440.3388,439,SPY
1700000003687300247,440.3622,440.3402,440.3842,200,SPY
1700000003688745896,440.3313,440.3093,440.3533,488,SPY
1700000003690066067,440.3624,440.3404,440.3844,70,SPY
1700000003691489521,440.4386,440.4165,440.4606,68,SPY
1700000003693474857,440.4595,440.4374,440.4815,104,SPY
1700000003695066207,440.5458,440.5238,440.5678,124,SPY
1700000003697044998,440.5065,440.4845,440.5285,349,SPY
1700000003698120838,440.5118,440.4898,440.5339,442,SPY
1700000003699260613,440.5316,440.5096,440.5536,497,SPY
1700000003700633593,440.5105,440.4885,440.5326,500,SPY
1700000003701258889,440.5690,440.5470,440.5910,329,SPY
1700000003701854186,440.5701,440.5481,440.5921,413,SPY
1700000003703042107,440.6460,440.6240,440.6680,113,SPY
1700000003703153021,440.6619,440.6398,440.6839,85,SPY
1700000003703436979,440.6230,440.6010,440.6450,303,SPY
1700000003704604412,440.5337,440.5117,440.5558,147,SPY
1700000003705588603,440.5214,440.4994,440.5435,306,SPY
1700000003707060102,440.5049,440.4829,440.5269,436,SPY
1700000003708079832,440.4478,440.4258,440.4699,4,SPY
1700000003709273907,440.4719,440.4499,440.4940,140,SPY
1700000003709509250,440.4974,440.4753,440.5194,2,SPY
1700000003709640801,440.2943,440.2723,440.3163,297,SPY
1700000003710601045,440.2600,440.2380,440.2820,430,SPY
1700000003711364673,440.0333,440.0113,440.0553,13,SPY
1700000003713164842,439.9900,439.9680,440.0120,281,SPY
1700000003713295085,439.9806,439.9586,440.0026,255,SPY
1700000003713808215,440.0903,440.0683,440.1123,353,SPY
1700000003715611661,440.1557,440.1337,440.1777,201,SPY
1700000003716625663,440.1045,440.0825,440.1265,289,SPY
1700000003718216376,440.0302,440.0082,440.0522,113,SPY
1700000003718563151,440.0752,440.0532,440.0972,19,SPY
1700000003719590850,440.0030,439.9810,440.0250,248,SPY
1700000003721257662,440.0970,440.0750,440.1190,386,SPY
1700000003722351921,439.9572,439.9352,439.9792,478,SPY
1700000003723234447,440.0743,440.0523,440.0963,238,SPY
1700000003723609380,440.1658,440.1438,440.1878,498,SPY
1700000003723711981,440.2370,440.2150,440.2590,327,SPY
1700000003724363841,440.2014,440.1794,440.2234,374,SPY
1700000003726187465,440.2622,440.2402,440.2842,12,SPY
1700000003726581949,440.2773,440.2553,440.2993,168,SPY
1700000003727288844,440.3542,440.3322,440.3762,96,SPY
1700000003728475234,440.3148,440.2928,440.3369,432,SPY
1700000003729155420,440.0978,440.0758,440.1198,45,SPY
1700000003729683786,440.1552,440.1331,440.1772,48,SPY
1700000003731655513,440.3725,440.3505,440.3945,152,SPY
1700000003733603262,440.4648,440.4427,440.4868,211,SPY
1700000003734576542,440.5261,440.5040,440.5481,261,SPY
1700000003735690506,440.3025,440.2805,440.3246,8,SPY
1700000003736528503,440.1875,440.1655,440.2095,266,SPY
1700000003737472217,440.3135,440.2915,440.3356,209,SPY
1700000003739433842,440.1191,440.0971,440.1411,35,SPY
1700000003740008417,440.1679,440.1459,440.1899,489,SPY
1700000003741472546,440.2318,440.2098,440.2538,207,SPY
1700000003742459183,440.1852,440.1632,440.2073,413,SPY
1700000003743431943,440.2061,440.1841,440.2281,441,SPY
1700000003744309654,440.1662,440.1442,440.1882,290,SPY
1700000003745019591,440.0833,440.0613,440.1053,77,SPY
1700000003745558472,439.9307,439.9087,439.9527,182,SPY
1700000003746627988,439.8453,439.8233,439.8673,298,SPY
1700000003748166440,439.8820,439.8600,439.9040,373,SPY
1700000003748705840,439.9803,439.9583,440.0023,298,SPY
1700000003748831381,439.9533,439.9313,439.9753,161,SPY
1700000003749196317,439.9766,439.9546,439.9986,438,SPY
1700000003749950684,439.9393,439.9174,439.9613,57,SPY
1700000003751281647,439.9997,439.9777,440.0217,214,SPY
1700000003751736218,440.0150,439.9930,440.0370,366,SPY
1700000003752817992,440.0127,439.9907,440.0347,324,SPY
1700000003753602017,440.0719,440.0499,440.0940,127,SPY
1700000003754752956,439.9167,439.8948,439.9387,490,SPY
1700000003755816521,439.9814,439.9594,440.0034,273,SPY
1700000003756725989,440.0621,440.0401,440.0841,446,SPY
1700000003757730346,440.0196,439.9976,440.0416,348,SPY
1700000003759498446,439.8747,439.8527,439.8967,82,SPY
1700000003760010157,439.7655,439.7435,439.7875,287,SPY
1700000003760507861,439.7520,439.7300,439.7739,411,SPY
1700000003761217842,439.7455,439.7235,439.7675,439,SPY
1700000003763114313,439.6869,439.6649,439.7089,156,SPY
1700000003763462760,439.6290,439.6070,439.6510,372,SPY
1700000003764110622,439.7035,439.6815,439.7255,460,SPY
1700000003765912178,439.6623,439.6403,439.6843,71,SPY
1700000003767528807,439.5142,439.4922,439.5361,137,SPY
1700000003768309991,439.5309,439.5090,439.5529,423,SPY
1700000003768987822,439.5884,439.5664,439.6104,232,SPY
1700000003770477101,439.5127,439.4907,439.5347,430,SPY
1700000003771025014,439.4008,439.3789,439.4228,488,SPY
1700000003771694148,439.5277,439.5057,439.5496,60,SPY
1700000003772465874,439.5400,439.5180,439.5620,283,SPY
1700000003772634824,439.7030,439.6810,439.7249,345,SPY
1700000003773749455,439.6108,439.5889,439.6328,191,SPY
1700000003774564111,439.6592,439.6372,439.6812,459,SPY
1700000003776140100,439.6215,439.5996,439.6435,484,SPY
1700000003776266398,439.6436,439.6216,439.6655,185,SPY
1700000003777930830,439.6302,439.6082,439.6522,177,SPY
1700000003778757551,439.6633,439.6413,439.6853,416,SPY
1700000003780658816,439.7056,439.6836,439.7276,147,SPY
1700000003781664332,439.6988,439.6768,439.7208,132,SPY
1700000003782808466,439.7208,439.6988,439.7428,472,SPY
1700000003784324200,439.6849,439.6629,439.7069,67,SPY
1700000003785116412,439.6945,439.6725,439.7164,59,SPY
1700000003786917307,439.5510,439.5290,439.5730,193,SPY
1700000003788240736,439.3829,439.3610,439.4049,285,SPY
1700000003789685012,439.4123,439.3903,439.4342,119,SPY
1700000003791583622,439.2491,439.2272,439.2711,160,SPY
1700000003792986014,439.1906,439.1686,439.2125,251,SPY
1700000003794355337,439.0473,439.0253,439.0692,162,SPY
1700000003795616308,439.0496,439.0276,439.0715,486,SPY
1700000003795731456,439.2449,439.2230,439.2669,282,SPY
1700000003796483066,439.4429,439.4209,439.4649,260,SPY
1700000003796741640,439.5119,439.4899,439.5339,487,SPY
1700000003797609180,439.5537,439.5318,439.5757,11,SPY
1700000003799017753,439.5623,439.5403,439.5842,89,SPY
1700000003800171274,439.4404,439.4184,439.4623,7,SPY
1700000003801393281,439.4021,439.3801,439.4241,253,SPY
1700000003802457726,439.3437,439.3217,439.3656,140,SPY
1700000003803071513,439.4428,439.4208,439.4648,162,SPY
1700000003804396309,439.5267,439.5047,439.5487,289,SPY
1700000003804815386,439.4106,439.3886,439.4326,351,SPY
1700000003806504190,439.4952,439.4733,439.5172,489,SPY
1700000003808141179,439.5178,439.4958,439.5398,458,SPY
1700000003808606586,439.4000,439.3780,439.4219,240,SPY
1700000003809273685,439.4786,439.4566,439.5006,107,SPY
1700000003809420863,439.4284,439.4064,439.4504,242,SPY
1700000003810462869,439.3889,439.3669,439.4109,118,SPY
1700000003811966836,439.3078,439.2859,439.3298,214,SPY
1700000003812968602,439.4731,439.4511,439.4951,367,SPY
1700000003813204635,439.4818,439.4598,439.5038,343,SPY
1700000003813600975,439.4667,439.4447,439.4886,460,SPY
1700000003814586963,439.5211,439.4991,439.5431,3,SPY
1700000003816567217,439.4679,439.4460,439.4899,469,SPY
1700000003817320842,439.7347,439.7128,439.7567,88,SPY
1700000003817918731,439.7160,439.6940,439.7380,261,SPY
1700000003819070944,439.5920,439.5700,439.6139,430,SPY
1700000003820579843,439.6985,439.6765,439.7205,11,SPY
1700000003822416567,439.8128,439.7908,439.8348,320,SPY
1700000003822827422,439.8156,439.7937,439.8376,493,SPY
1700000003824058559,439.6683,439.6463,439.6902,446,SPY
1700000003825318596,439.4702,439.4482,439.4922,84,SPY
1700000003826864323,439.5005,439.4786,439.5225,414,SPY
1700000003827211647,439.4623,439.4404,439.4843,493,SPY
1700000003827615141,439.4413,439.4194,439.4633,470,SPY
1700000003828782712,439.4296,439.4076,439.4516,381,SPY
1700000003829061399,439.3834,439.3614,439.4054,193,SPY
1700000003830057465,439.5054,439.4834,439.5273,154,SPY
1700000003830954909,439.4580,439.4360,439.4800,289,SPY
1700000003832667972,439.4336,439.4116,439.4556,391,SPY
1700000003833634253,439.4971,439.4751,439.5191,57,SPY
1700000003835281523,439.5345,439.5125,439.5565,146,SPY
1700000003835611715,439.4570,439.4350,439.4790,104,SPY
1700000003837090431,439.3858,439.3638,439.4077,323,SPY
1700000003838735326,439.3857,439.3638,439.4077,268,SPY
1700000003840131866,439.4199,439.3979,439.4418,231,SPY
1700000003841774567,439.4099,439.3879,439.4319,184,SPY
1700000003842554525,439.3567,439.3348,439.3787,112,SPY
1700000003843959262,439.3567,439.3347,439.3787,346,SPY
1700000003844651243,439.4377,439.4158,439.4597,83,SPY
1700000003846329154,439.4642,439.4423,439.4862,351,SPY
1700000003846927075,439.4640,439.4420,439.4860,485,SPY
1700000003847129059,439.5470,439.5251,439.5690,299,SPY
1700000003847328790,439.7253,439.7033,439.7473,373,SPY
1700000003849258848,439.7502,439.7282,439.7721,257,SPY
1700000003850203443,439.7672,439.7452,439.7892,61,SPY
1700000003852117090,439.8566,439.8346,439.8786,64,SPY
1700000003853025901,439.8619,439.8399,439.8839,216,SPY
1700000003854957432,439.7002,439.6782,439.7221,23,SPY
1700000003856054614,439.6209,439.5989,439.6428,493,SPY
1700000003857213129,439.5601,439.5381,439.5821,411,SPY
1700000003857980846,439.3683,439.3463,439.3903,56,SPY
1700000003858882566,439.4304,439.4084,439.4523,43,SPY
1700000003859362096,439.5638,439.5418,439.5858,154,SPY
1700000003860363117,439.4815,439.4595,439.5035,185,SPY
1700000003861197279,439.5067,439.4847,439.5287,490,SPY
1700000003861713430,439.6028,439.5808,439.6248,63,SPY
1700000003862510598,439.6623,439.6403,439.6843,290,SPY
1700000003863560022,439.7081,439.6861,439.7301,146,SPY
1700000003864861942,439.7126,439.6906,439.7346,252,SPY
1700000003865760790,439.7519,439.7299,439.7739,452,SPY
1700000003865932041,439.8338,439.8118,439.8558,14,SPY
1700000003867924840,439.8796,439.8576,439.9016,225,SPY
1700000003868397097,439.8659,439.8440,439.8879,19,SPY
1700000003869446864,439.8668,439.8448,439.8888,244,SPY
1700000003869936877,439.9820,439.9600,440.0040,121,SPY
1700000003871067468,439.8988,439.8768,439.9208,358,SPY
1700000003871934453,439.8614,439.8394,439.8834,28,SPY
1700000003872076676,439.7582,439.7363,439.7802,422,SPY
1700000003873698003,439.7059,439.6839,439.7279,271,SPY
1700000003874727140,439.8465,439.8245,439.8685,174,SPY
1700000003876224311,439.8168,439.7948,439.8388,294,SPY
1700000003876493019,439.9770,439.9550,439.9990,89,SPY
1700000003877801564,440.1158,440.0938,440.1378,346,SPY
1700000003878214871,440.1422,440.1202,440.1642,444,SPY
1700000003878652906,440.2490,440.2269,440.2710,25,SPY
1700000003879370668,440.1231,440.1011,440.1451,182,SPY
1700000003881207721,439.9979,439.9759,440.0199,156,SPY
1700000003881667945,440.0707,440.0487,440.0927,490,SPY
1700000003882626887,439.9573,439.9353,439.9793,340,SPY
1700000003884012293,439.9377,439.9157,439.9597,487,SPY
1700000003884323402,439.9326,439.9106,439.9546,439,SPY
1700000003885001205,440.0557,440.0337,440.0777,73,SPY
1700000003886565848,440.0821,440.0601,440.1041,81,SPY
1700000003887077778,440.0219,439.9999,440.0439,14,SPY
1700000003887626811,439.8343,439.8123,439.8563,151,SPY
1700000003889179153,439.8994,439.8774,439.9214,159,SPY
1700000003890845551,439.8839,439.8619,439.9058,47,SPY
1700000003892740718,439.9976,439.9756,440.0196,161,SPY
1700000003893129514,439.9250,439.9030,439.9470,482,SPY
1700000003893812774,439.9209,439.8989,439.9428,205,SPY
1700000003895286740,439.8908,439.8688,439.9128,467,SPY
1700000003896967113,439.7742,439.7522,439.7962,419,SPY
1700000003897804298,439.7659,439.7439,439.7879,221,SPY
1700000003899025349,439.8038,439.7819,439.8258,138,SPY
1700000003899536751,439.7259,439.7039,439.7479,209,SPY
1700000003900569029,439.6954,439.6734,439.7174,273,SPY
1700000003902466303,439.6836,439.6616,439.7056,370,SPY
1700000003903879049,439.6768,439.6548,439.6988,199,SPY
1700000003904677744,439.7484,439.7264,439.7704,20,SPY
1700000003905173560,439.8378,439.8158,439.8598,220,SPY
1700000003905752842,439.7349,439.7129,439.7568,315,SPY
1700000003907511826,439.8143,439.7923,439.8363,68,SPY
1700000003907898024,439.8794,439.8574,439.9014,333,SPY
1700000003908681445,439.9945,439.9725,440.0165,141,SPY
1700000003910306148,439.8361,439.8141,439.8581,74,SPY
1700000003911890480,439.7656,439.7436,439.7876,321,SPY
1700000003912437846,439.8050,439.7830,439.8270,265,SPY
1700000003913088256,439.8121,439.7901,439.8341,96,SPY
1700000003913367972,439.6641,439.6422,439.6861,2,SPY
1700000003913555493,439.7040,439.6821,439.7260,125,SPY
1700000003913948574,439.7443,439.7223,439.7662,95,SPY
1700000003915941080,439.7044,439.6824,439.7264,287,SPY
1700000003917413279,439.7857,439.7637,439.8077,123,SPY
1700000003918617125,439.7855,439.7635,439.8075,492,SPY
1700000003920056419,439.7296,439.7076,439.7516,267,SPY
1700000003920266974,439.8878,439.8658,439.9098,308,SPY
1700000003921250328,440.0718,440.0498,440.0938,148,SPY
1700000003921939000,440.0081,439.9861,440.0301,284,SPY
1700000003923605165,440.0967,440.0747,440.1187,316,SPY
1700000003924812198,440.2025,440.1805,440.2245,324,SPY
1700000003925503676,440.2709,440.2489,440.2929,16,SPY
1700000003927189329,440.1871,440.1651,440.2091,172,SPY
1700000003928403579,440.1497,440.1277,440.1717,361,SPY
1700000003930149051,440.0693,440.0473,440.0913,91,SPY
1700000003930976256,440.1058,440.0838,440.1278,391,SPY
1700000003932362485,440.2150,440.1930,440.2370,16,SPY
1700000003933290914,440.1638,440.1418,440.1858,345,SPY
1700000003934577307,440.2554,440.2334,440.2774,103,SPY
1700000003936317020,440.3795,440.3575,440.4015,238,SPY
1700000003937704666,440.3249,440.3029,440.3470,294,SPY
1700000003939180547,440.2717,440.2497,440.2938,441,SPY
1700000003939652769,440.4228,440.4008,440.4448,372,SPY
1700000003940725710,440.3652,440.3431,440.3872,87,SPY
1700000003941187903,440.2893,440.2673,440.3113,288,SPY
1700000003943087495,440.3138,440.2918,440.3358,455,SPY
1700000003944224512,440.2183,440.1963,440.2403,35,SPY
1700000003945643925,440.0556,440.0336,440.0776,210,SPY
1700000003946074988,439.8718,439.8498,439.8938,301,SPY
1700000003946378219,439.8142,439.7922,439.8362,241,SPY
1700000003948198074,439.7564,439.7344,439.7783,262,SPY
1700000003948359273,439.7437,439.7217,439.7657,472,SPY
1700000003949982576,439.7540,439.7320,439.7760,246,SPY
1700000003950389321,439.7183,439.6963,439.7403,249,SPY
1700000003951616396,439.7005,439.6785,439.7225,168,SPY
1700000003953417711,439.8227,439.8007,439.8447,340,SPY
1700000003953616191,439.7992,439.7772,439.8212,301,SPY
1700000003954275979,439.7530,439.7310,439.7750,279,SPY
1700000003954982874,439.7159,439.6939,439.7379,114,SPY
1700000003956917803,439.7904,439.7684,439.8124,394,SPY
1700000003958628286,439.8456,439.8237,439.8676,112,SPY
1700000003960178800,439.8611,439.8391,439.8831,220,SPY
1700000003961232467,439.8299,439.8079,439.8519,202,SPY
1700000003963004056,439.7790,439.7570,439.8010,118,SPY
1700000003964379552,439.7439,439.7219,439.7658,72,SPY
1700000003965293235,439.7513,439.7293,439.7733,34,SPY
1700000003966127003,439.6762,439.6542,439.6982,462,SPY
1700000003967646145,439.7287,439.7068,439.7507,22,SPY
1700000003968442137,439.8379,439.8159,439.8599,238,SPY
1700000003969339612,439.6753,439.6533,439.6973,422,SPY
1700000003970790873,439.5144,439.4924,439.5364,261,SPY
1700000003972325768,439.7585,439.7365,439.7804,251,SPY
1700000003974212969,439.7723,439.7503,439.7943,343,SPY
1700000003975614424,439.7075,439.6855,439.7295,182,SPY
1700000003975798820,439.6237,439.6017,439.6456,209,SPY
1700000003976265766,439.5616,439.5396,439.5836,185,SPY
1700000003977652788,439.7022,439.6802,439.7242,194,SPY
1700000003979049176,439.5100,439.4880,439.5319,119,SPY
1700000003980766741,439.6033,439.5813,439.6252,199,SPY
1700000003982599482,439.7022,439.6803,439.7242,302,SPY
1700000003983428675,439.6594,439.6375,439.6814,102,SPY
1700000003983591968,439.6343,439.6123,439.6562,446,SPY
1700000003984931046,439.5866,439.5646,439.6086,86,SPY
1700000003985955073,439.7305,439.7085,439.7525,313,SPY
1700000003986370712,439.8186,439.7966,439.8406,82,SPY
1700000003987291366,439.7535,439.7315,439.7754,417,SPY
1700000003988944711,439.7801,439.7581,439.8021,441,SPY
1700000003989403495,439.7379,439.7159,439.7599,182,SPY
1700000003990654615,439.7492,439.7272,439.7712,233,SPY
1700000003992603713,439.7645,439.7425,439.7865,255,SPY
1700000003993115370,439.8179,439.7959,439.8399,95,SPY
1700000003994393568,439.8234,439.8014,439.8454,396,SPY
1700000003994859830,439.9015,439.8795,439.9235,43,SPY
1700000003995646371,439.8282,439.8062,439.8502,75,SPY
1700000003996840087,439.8730,439.8510,439.8950,295,SPY
1700000003997271745,439.9466,439.9246,439.9686,329,SPY
1700000003997549161,440.0326,440.0106,440.0546,194,SPY
1700000003999373353,440.0683,440.0463,440.0903,93,SPY
1700000004000668454,440.1893,440.1673,440.2113,81,SPY
1700000004001663689,440.3099,440.2879,440.3319,286,SPY
1700000004002819594,440.4140,440.3919,440.4360,38,SPY
1700000004004184214,440.4694,440.4474,440.4914,250,SPY
1700000004005762333,440.4145,440.3924,440.4365,173,SPY
1700000004006807498,440.3550,440.3330,440.3770,194,SPY
1700000004007844929,440.4474,440.4253,440.4694,179,SPY
1700000004008467637,440.3932,440.3712,440.4152,18,SPY
1700000004009993836,440.4398,440.4178,440.4618,425,SPY
1700000004010513493,440.4497,440.4277,440.4718,477,SPY
1700000004012511867,440.3590,440.3369,440.3810,60,SPY
1700000004014287384,440.2393,440.2173,440.2613,362,SPY
1700000004016063590,440.3146,440.2926,440.3366,150,SPY
1700000004017837057,440.4304,440.4084,440.4524,33,SPY
1700000004018274042,440.4267,440.4046,440.4487,351,SPY
1700000004019410652,440.4962,440.4741,440.5182,127,SPY
1700000004020600699,440.5113,440.4893,440.5333,420,SPY
1700000004021526172,440.5840,440.5620,440.6060,298,SPY
1700000004022154739,440.7681,440.7460,440.7901,329,SPY
1700000004023553802,440.8016,440.7795,440.8236,330,SPY
1700000004024246320,440.9446,440.9226,440.9667,103,SPY
1700000004025893652,440.8774,440.8553,440.8994,444,SPY
1700000004027065912,440.7123,440.6903,440.7343,433,SPY
1700000004027910669,440.7663,440.7443,440.7883,380,SPY
1700000004028432283,440.8206,440.7986,440.8427,38,SPY
1700000004028750720,440.8607,440.8387,440.8828,298,SPY
1700000004029005172,440.8560,440.8339,440.8780,76,SPY
1700000004029862168,440.8140,440.7920,440.8361,87,SPY
1700000004030958544,440.8284,440.8064,440.8505,185,SPY
1700000004032053190,440.8873,440.8653,440.9094,286,SPY
1700000004033989410,440.9477,440.9257,440.9698,378,SPY
1700000004034996431,441.0635,441.0415,441.0856,347,SPY
1700000004035996360,441.1722,441.1501,441.1943,342,SPY
1700000004037105408,441.0887,441.0666,441.1107,270,SPY
1700000004037456945,441.0535,441.0315,441.0756,467,SPY
1700000004039184335,440.9685,440.9464,440.9905,203,SPY
1700000004039289392,440.9750,440.9529,440.9970,482,SPY
1700000004039586802,440.9588,440.9367,440.9808,62,SPY
1700000004040060061,440.9313,440.9092,440.9533,398,SPY
1700000004041260166,440.8731,440.8511,440.8952,441,SPY
1700000004041515161,440.8856,440.8636,440.9077,114,SPY
1700000004042324916,440.7987,440.7767,440.8207,83,SPY
1700000004043393275,440.8068,440.7847,440.8288,208,SPY
1700000004044937934,440.7669,440.7449,440.7890,257,SPY
1700000004046318566,440.7925,440.7704,440.8145,216,SPY
1700000004047313810,440.7067,440.6846,440.7287,6,SPY
1700000004048914895,440.5654,440.5433,440.5874,309,SPY
1700000004050265968,440.6012,440.5792,440.6232,58,SPY
1700000004052159936,440.6023,440.5803,440.6243,238,SPY
1700000004053854969,440.6395,440.6174,440.6615,22,SPY
1700000004054489645,440.5898,440.5678,440.6118,293,SPY
1700000004055251774,440.6515,440.6294,440.6735,88,SPY
1700000004055518941,440.6711,440.6490,440.6931,104,SPY
1700000004056259616,440.7232,440.7012,440.7452,247,SPY
1700000004058026358,440.6507,440.6286,440.6727,136,SPY
1700000004058305635,440.7960,440.7739,440.8180,247,SPY
1700000004059493042,440.8143,440.7923,440.8363,466,SPY
1700000004059869477,440.8225,440.8005,440.8446,217,SPY
1700000004061058939,440.9149,440.8929,440.9370,7,SPY
1700000004062184590,440.9683,440.9463,440.9904,30,SPY
1700000004063468747,441.0231,441.0011,441.0452,248,SPY
1700000004064008936,440.9994,440.9774,441.0215,487,SPY
1700000004065102771,441.0139,440.9919,441.0360,204,SPY
1700000004066667220,440.9335,440.9115,440.9556,248,SPY
1700000004067989983,440.9616,440.9395,440.9836,121,SPY
1700000004069771825,441.0108,440.9887,441.0328,398,SPY
1700000004071354730,441.0808,441.0587,441.1028,475,SPY
1700000004072153812,441.1247,441.1026,441.1467,158,SPY
1700000004073533431,441.2546,441.2325,441.2766,490,SPY
1700000004075179973,441.2941,441.2720,441.3162,381,SPY
1700000004076077922,441.3225,441.3004,441.3446,62,SPY
1700000004078011833,441.4027,441.3806,441.4248,405,SPY
1700000004078415877,441.3632,441.3411,441.3852,449,SPY
1700000004078925154,441.4378,441.4157,441.4599,350,SPY
1700000004079059771,441.2506,441.2286,441.2727,296,SPY
1700000004080690650,441.2360,441.2140,441.2581,202,SPY
1700000004081260387,441.3384,441.3163,441.3604,177,SPY
1700000004082126698,441.5738,441.5517,441.5959,360,SPY
1700000004082334951,441.5854,441.5633,441.6074,335,SPY
1700000004082732041,441.5852,441.5631,441.6072,279,SPY
1700000004084700929,441.7618,441.7397,441.7839,486,SPY
1700000004086606746,441.8661,441.8440,441.8882,455,SPY
1700000004087542287,441.9134,441.8913,441.9355,292,SPY
1700000004088592198,441.9785,441.9564,442.0006,332,SPY
1700000004088754865,441.9580,441.9359,441.9801,398,SPY
1700000004088916370,441.9621,441.9400,441.9842,253,SPY
1700000004090783474,441.9124,441.8903,441.9345,417,SPY
1700000004091783352,441.9949,441.9728,442.0170,193,SPY
1700000004093410681,442.2789,442.2567,442.3010,195,SPY
1700000004094954541,442.1713,442.1492,442.1934,461,SPY
1700000004095174738,442.1259,442.1037,442.1480,225,SPY
1700000004095444354,442.0173,441.9952,442.0394,259,SPY
1700000004096757531,442.0143,441.9922,442.0364,265,SPY
1700000004097913614,441.9244,441.9023,441.9465,360,SPY
1700000004098635777,441.8589,441.8368,441.8810,110,SPY
1700000004099969569,441.8696,441.8475,441.8917,263,SPY
1700000004100353032,442.0551,442.0330,442.0772,335,SPY
1700000004100624783,441.9338,441.9117,441.9559,396,SPY
1700000004100937678,442.0502,442.0281,442.0723,211,SPY
1700000004102219621,442.0266,442.0045,442.0487,392,SPY
1700000004103448521,441.9520,441.9299,441.9741,213,SPY
1700000004103654838,442.1629,442.1408,442.1850,465,SPY
1700000004105173059,442.1470,442.1249,442.1691,276,SPY
1700000004106839192,442.1555,442.1334,442.1776,67,SPY
1700000004107501492,442.1878,442.1657,442.2099,271,SPY
1700000004109147857,442.1603,442.1382,442.1824,378,SPY
1700000004110211143,442.1683,442.1462,442.1904,380,SPY
1700000004110471244,442.3020,442.2799,442.3241,271,SPY
1700000004112005292,442.2177,442.1956,442.2398,126,SPY
1700000004113610333,442.3344,442.3123,442.3565,75,SPY
1700000004114914102,442.3397,442.3176,442.3618,134,SPY
1700000004116255004,442.3670,442.3449,442.3892,160,SPY
1700000004117227756,442.4615,442.4393,442.4836,353,SPY
1700000004117803094,442.3314,442.3093,442.3535,313,SPY
1700000004119547952,442.3403,442.3182,442.3624,107,SPY
1700000004121348486,442.2733,442.2512,442.2954,451,SPY
1700000004121845404,442.2112,442.1890,442.2333,138,SPY
1700000004122399445,442.1983,442.1762,442.2204,446,SPY
1700000004123384050,442.2168,442.1947,442.2389,261,SPY
1700000004125098596,442.3317,442.3095,442.3538,447,SPY
1700000004126766916,442.2266,442.2045,442.2487,187,SPY
1700000004127276829,442.1873,442.1652,442.2094,335,SPY
1700000004128673581,442.1073,442.0852,442.1294,367,SPY
1700000004129115565,442.0385,442.0164,442.0606,463,SPY
1700000004129690807,442.1563,442.1342,442.1784,378,SPY
1700000004131560924,442.1142,442.0921,442.1363,307,SPY
1700000004132856339,442.1855,442.1634,442.2076,376,SPY
1700000004133413589,441.9754,441.9533,441.9975,36,SPY
1700000004134329510,442.0389,442.0168,442.0610,289,SPY
1700000004136134719,442.0612,442.0391,442.0833,54,SPY
1700000004136485894,442.0957,442.0736,442.1178,176,SPY
1700000004136986271,441.9962,441.9741,442.0183,320,SPY
1700000004137308053,442.0324,442.0103,442.0545,436,SPY
1700000004138949043,441.8435,441.8215,441.8656,298,SPY
1700000004139981539,441.8376,441.8156,441.8597,188,SPY
1700000004140514474,441.9689,441.9468,441.9910,394,SPY
1700000004142497449,441.9219,441.8998,441.9440,478,SPY
1700000004142598294,441.8500,441.8279,441.8721,130,SPY
1700000004143974174,441.7513,441.7292,441.7734,404,SPY
1700000004145366172,441.8210,441.7989,441.8431,104,SPY
1700000004146874029,441.7861,441.7640,441.8082,165,SPY
1700000004147290855,441.8259,441.8038,441.8479,480,SPY
1700000004148825222,441.9806,441.9585,442.0027,344,SPY
1700000004150778135,441.8983,441.8762,441.9204,387,SPY
1700000004152044844,441.8359,441.8138,441.8580,66,SPY
1700000004152783057,441.7891,441.7670,441.8112,402,SPY
1700000004153640019,441.6753,441.6532,441.6973,399,SPY
1700000004154622639,441.6438,441.6217,441.6658,31,SPY
1700000004156611691,441.6234,441.6013,441.6455,481,SPY
1700000004157891087,441.6935,441.6714,441.7156,42,SPY
1700000004159494988,441.5997,441.5776,441.6218,128,SPY
1700000004160481518,441.6845,441.6624,441.7065,466,SPY
1700000004162219763,441.6212,441.5991,441.6433,31,SPY
1700000004163683949,441.7389,441.7168,441.7610,59,SPY
1700000004163862962,441.7767,441.7546,441.7987,102,SPY
1700000004164078506,441.9130,441.8909,441.9351,403,SPY
1700000004164788598,441.8502,441.8281,441.8723,233,SPY
1700000004165021725,441.9952,441.9731,442.0173,139,SPY
1700000004165189792,441.9717,441.9496,441.9938,391,SPY
1700000004166136786,441.9040,441.8819,441.9261,390,SPY
1700000004166785034,441.9073,441.8852,441.9294,49,SPY
1700000004167246721,441.9495,441.9274,441.9716,91,SPY
1700000004167866068,442.0198,441.9977,442.0419,155,SPY
1700000004168251934,442.0723,442.0502,442.0944,116,SPY
1700000004169091418,442.0574,442.0353,442.0795,242,SPY
1700000004170463600,442.1004,442.0783,442.1225,423,SPY
1700000004171607122,442.0128,441.9907,442.0349,319,SPY
1700000004172841747,441.7710,441.7490,441.7931,359,SPY
1700000004174635863,441.7460,441.7239,441.7680,481,SPY
1700000004175046739,441.9143,441.8922,441.9364,89,SPY
1700000004175860213,441.9031,441.8810,441.9252,78,SPY
1700000004176297034,441.8946,441.8725,441.9167,239,SPY
1700000004178249120,441.8631,441.8410,441.8851,18,SPY
1700000004179288948,441.8867,441.8646,441.9088,474,SPY
1700000004180034972,441.9632,441.9411,441.9853,451,SPY
1700000004181228479,441.9155,441.8934,441.9376,244,SPY
1700000004181772695,441.8848,441.8627,441.9069,155,SPY
1700000004182412610,441.9704,441.9483,441.9925,353,SPY
1700000004184302106,441.9727,441.9506,441.9948,436,SPY
1700000004186237899,441.8449,441.8228,441.8670,10,SPY
1700000004188237315,441.8178,441.7957,441.8399,90,SPY
1700000004188420132,441.8840,441.8619,441.9061,98,SPY
1700000004189916142,441.8753,441.8532,441.8974,500,SPY
1700000004190313309,441.8732,441.8511,441.8953,268,SPY
1700000004190415316,441.7323,441.7102,441.7544,255,SPY
1700000004190717616,441.6993,441.6772,441.7214,43,SPY
1700000004191911832,441.7281,441.7060,441.7502,262,SPY
1700000004192343871,441.7825,441.7605,441.8046,1,SPY
1700000004194019037,441.8077,441.7856,441.8298,25,SPY
1700000004194652208,441.7515,441.7294,441.7736,53,SPY
1700000004195000872,441.7476,441.7255,441.7697,153,SPY
1700000004196563027,441.7421,441.7200,441.7642,332,SPY
1700000004198442196,441.6390,441.6170,441.6611,190,SPY
1700000004200124275,441.5196,441.4975,441.5417,22,SPY
1700000004201146475,441.5123,441.4903,441.5344,186,SPY
1700000004201917773,441.5271,441.5050,441.5491,287,SPY
1700000004202424840,441.6070,441.5849,441.6291,411,SPY
1700000004203061534,441.5819,441.5598,441.6040,384,SPY
1700000004203723696,441.6215,441.5995,441.6436,36,SPY
1700000004205702724,441.6878,441.6657,441.7099,161,SPY
1700000004206172226,441.6691,441.6470,441.6912,226,SPY
1700000004206875043,441.6578,441.6357,441.6799,61,SPY
1700000004207509951,441.7030,441.6809,441.7251,301,SPY
1700000004207873725,441.6820,441.6599,441.7041,26,SPY
1700000004209784686,441.6225,441.6004,441.6446,42,SPY
1700000004211121067,441.6626,441.6405,441.6847,452,SPY
1700000004211485800,441.6932,441.6711,441.7152,162,SPY
1700000004212326242,441.8050,441.7829,441.8271,17,SPY
1700000004213304510,441.6356,441.6135,441.6577,200,SPY
1700000004215291500,441.6048,441.5827,441.6269,51,SPY
1700000004216704034,441.6849,441.6628,441.7070,81,SPY
1700000004218491619,441.6563,441.6342,441.6783,450,SPY
1700000004219633046,441.5787,441.5566,441.6008,282,SPY
1700000004220644548,441.6399,441.6178,441.6620,278,SPY
1700000004222537772,441.7859,441.7638,441.8080,211,SPY
1700000004223276975,442.0429,442.0208,442.0650,349,SPY
1700000004224834023,441.9408,441.9187,441.9629,27,SPY
1700000004226792629,441.7209,441.6989,441.7430,223,SPY
1700000004228544012,441.8560,441.8339,441.8781,250,SPY
1700000004230008560,441.7096,441.6876,441.7317,291,SPY
1700000004231921354,441.5642,441.5421,441.5863,130,SPY
1700000004232835990,441.6787,441.6567,441.7008,79,SPY
1700000004233980015,441.7066,441.6845,441.7287,27,SPY
1700000004234878159,441.8293,441.8072,441.8514,200,SPY
1700000004235621831,441.6026,441.5805,441.6246,4,SPY
1700000004236284254,441.4341,441.4120,441.4562,423,SPY
1700000004238193714,441.3797,441.3576,441.4018,311,SPY
1700000004238812676,441.2748,441.2527,441.2968,409,SPY
1700000004240731647,441.1935,441.1714,441.2155,268,SPY
1700000004242271539,441.1658,441.1438,441.1879,415,SPY
1700000004242906078,441.2333,441.2112,441.2553,445,SPY
1700000004243768970,441.1576,441.1356,441.1797,132,SPY
1700000004244880187,441.3546,441.3326,441.3767,117,SPY
1700000004245390604,441.3678,441.3457,441.3898,362,SPY
1700000004246413520,441.4525,441.4304,441.4746,361,SPY
1700000004247930832,441.2998,441.2778,441.3219,117,SPY
1700000004248407103,441.1817,441.1597,441.2038,487,SPY
1700000004249616806,441.2126,441.1905,441.2346,390,SPY
1700000004250646520,441.1630,441.1410,441.1851,163,SPY
1700000004252560109,441.1834,441.1613,441.2055,245,SPY
1700000004253679082,441.1536,441.1315,441.1756,326,SPY
1700000004255166737,441.0805,441.0585,441.1026,4,SPY
1700000004255767271,441.0235,441.0014,441.0455,228,SPY
1700000004257540586,440.9416,440.9196,440.9637,214,SPY
1700000004258331421,440.8211,440.7991,440.8431,129,SPY
1700000004259060626,440.8188,440.7968,440.8409,468,SPY
1700000004261026756,440.8942,440.8721,440.9162,477,SPY
1700000004262184546,440.7378,440.7157,440.7598,394,SPY
1700000004264180275,440.5741,440.5521,440.5961,13,SPY
1700000004264498499,440.6893,440.6672,440.7113,43,SPY
1700000004264701679,440.7522,440.7301,440.7742,177,SPY
1700000004264925092,440.8263,440.8043,440.8484,478,SPY
1700000004266117977,440.7903,440.7682,440.8123,280,SPY
1700000004267419096,440.8200,440.7980,440.8421,450,SPY
1700000004268896725,440.8288,440.8067,440.8508,411,SPY
1700000004270390736,440.7166,440.6945,440.7386,224,SPY
1700000004270670609,440.7383,440.7162,440.7603,375,SPY
1700000004271505123,440.6244,440.6024,440.6464,384,SPY
1700000004272650592,440.7458,440.7237,440.7678,234,SPY
1700000004273149764,440.6838,440.6618,440.7058,39,SPY
1700000004273836627,440.6495,440.6275,440.6716,366,SPY
1700000004275504686,440.7043,440.6823,440.7264,224,SPY
1700000004277132957,440.6577,440.6357,440.6797,15,SPY
1700000004277264810,440.3961,440.3741,440.4181,376,SPY
1700000004279061676,440.4565,440.4345,440.4785,416,SPY
1700000004279928749,440.4179,440.3959,440.4400,127,SPY
1700000004280682703,440.3754,440.3533,440.3974,463,SPY
1700000004282130777,440.4241,440.4020,440.4461,417,SPY
1700000004282670400,440.4428,440.4208,440.4648,190,SPY
1700000004283619152,440.4472,440.4252,440.4692,490,SPY
1700000004283749297,440.3051,440.2831,440.3271,174,SPY
1700000004284861544,440.4495,440.4275,440.4715,80,SPY
1700000004286632452,440.5996,440.5776,440.6216,155,SPY
1700000004287195641,440.5710,440.5490,440.5931,68,SPY
1700000004287794229,440.5756,440.5535,440.5976,95,SPY
1700000004288317494,440.5410,440.5190,440.5630,169,SPY
1700000004289224964,440.4728,440.4507,440.4948,113,SPY
1700000004290017964,440.4712,440.4491,440.4932,135,SPY
1700000004290578729,440.5320,440.5099,440.5540,337,SPY
1700000004291745223,440.4360,440.4140,440.4581,444,SPY
1700000004293309413,440.4451,440.4231,440.4671,263,SPY
1700000004294267894,440.5498,440.5278,440.5718,179,SPY
1700000004295326287,440.6127,440.5907,440.6348,195,SPY
1700000004296575286,440.6817,440.6597,440.7037,177,SPY
1700000004297579273,440.7919,440.7699,440.8140,258,SPY
1700000004299416717,440.8930,440.8710,440.9150,13,SPY
1700000004299818112,440.9062,440.8842,440.9283,400,SPY
1700000004301068046,440.8974,440.8754,440.9195,195,SPY
1700000004302674099,440.8839,440.8619,440.9060,142,SPY
1700000004304604391,440.7198,440.6978,440.7418,192,SPY
1700000004305285779,440.7412,440.7192,440.7632,482,SPY
1700000004305567131,440.7831,440.7611,440.8052,195,SPY
1700000004306084130,440.8097,440.7876,440.8317,45,SPY
1700000004307351493,440.8763,440.8543,440.8984,83,SPY
1700000004307961268,440.9256,440.9036,440.9477,395,SPY
1700000004308903828,440.9883,440.9663,441.0104,94,SPY
1700000004309036260,441.0702,441.0482,441.0923,213,SPY
1700000004309951059,441.1964,441.1743,441.2184,178,SPY
1700000004311750504,441.1630,441.1409,441.1850,496,SPY
1700000004312722459,441.2222,441.2001,441.2443,33,SPY
1700000004313419767,441.2324,441.2103,441.2545,68,SPY
1700000004315020949,441.1058,441.0837,441.1278,100,SPY
1700000004316942895,441.1064,441.0843,441.1284,10,SPY
1700000004317331757,441.0254,441.0033,441.0474,121,SPY
1700000004317696558,440.9914,440.9694,441.0135,239,SPY
1700000004319197984,441.0083,440.9863,441.0304,295,SPY
1700000004319696284,440.9294,440.9073,440.9514,53,SPY
1700000004320161429,440.9846,440.9625,441.0066,61,SPY
1700000004320660670,440.9500,440.9280,440.9721,1,SPY
1700000004320792535,441.0098,440.9877,441.0318,58,SPY
1700000004322220216,441.0378,441.0157,441.0598,287,SPY
1700000004323011528,441.0354,441.0133,441.0574,49,SPY
1700000004324027346,441.0758,441.0538,441.0979,326,SPY
1700000004324997696,441.1307,441.1086,441.1527,257,SPY
1700000004326528757,441.2442,441.2221,441.2662,484,SPY
1700000004327466719,441.3631,441.3410,441.3851,215,SPY
1700000004327757529,441.2389,441.2168,441.2609,384,SPY
1700000004328931674,441.0886,441.0666,441.1107,90,SPY
1700000004330517289,440.9527,440.9307,440.9748,489,SPY
1700000004331430826,440.9784,440.9563,441.0004,321,SPY
1700000004332374757,440.9328,440.9108,440.9548,265,SPY
1700000004332807134,440.9828,440.9608,441.0049,99,SPY
1700000004333013250,441.1170,441.0949,441.1390,80,SPY
1700000004334393059,441.0401,441.0181,441.0622,219,SPY
1700000004335803575,440.9331,440.9110,440.9551,82,SPY
1700000004336696651,440.9442,440.9221,440.9662,460,SPY
1700000004337473198,441.0179,440.9959,441.0400,160,SPY
1700000004338451525,440.9970,440.9750,441.0191,271,SPY
1700000004340041887,441.0066,440.9845,441.0286,367,SPY
1700000004340541731,440.9666,440.9446,440.9887,345,SPY
1700000004341765530,441.0418,441.0197,441.0638,3,SPY
1700000004343567874,441.2720,441.2500,441.2941,198,SPY
1700000004344320503,441.3600,441.3379,441.3820,112,SPY
1700000004345928813,441.5777,441.5557,441.5998,158,SPY
1700000004346807597,441.4855,441.4634,441.5076,449,SPY
1700000004348352687,441.5213,441.4992,441.5433,481,SPY
1700000004350336182,441.4500,441.4279,441.4721,269,SPY
1700000004350490370,441.3319,441.3098,441.3540,387,SPY
1700000004351323473,441.4031,441.3810,441.4251,110,SPY
1700000004353224798,441.4751,441.4530,441.4972,415,SPY
1700000004354421814,441.4933,441.4712,441.5154,334,SPY
1700000004356416721,441.4732,441.4511,441.4953,168,SPY
1700000004357647067,441.5779,441.5558,441.6000,322,SPY
1700000004358053716,441.6066,441.5845,441.6287,340,SPY
1700000004359225943,441.5499,441.5278,441.5719,420,SPY
1700000004359366251,441.4595,441.4374,441.4815,189,SPY
1700000004360465984,441.3249,441.3029,441.3470,46,SPY
1700000004360699505,441.4317,441.4096,441.4537,441,SPY
1700000004361672006,441.2960,441.2740,441.3181,62,SPY
1700000004363382103,441.3721,441.3500,441.3941,147,SPY
1700000004365253377,441.4962,441.4742,441.5183,191,SPY
1700000004366124846,441.4836,441.4615,441.5056,229,SPY
1700000004367191889,441.4035,441.3814,441.4256,191,SPY
1700000004368663862,441.4418,441.4198,441.4639,349,SPY
1700000004370440310,441.5787,441.5566,441.6007,171,SPY
1700000004371581118,441.6943,441.6722,441.7164,91,SPY
1700000004372693074,441.7860,441.7639,441.8081,424,SPY
1700000004374117832,441.7629,441.7408,441.7850,393,SPY
1700000004375227635,441.7067,441.6846,441.7288,474,SPY
1700000004377221271,441.6730,441.6509,441.6951,383,SPY
1700000004377461730,441.6664,441.6443,441.6885,207,SPY
1700000004377624343,441.6422,441.6201,441.6643,466,SPY
1700000004379110923,441.6457,441.6236,441.6678,47,SPY
1700000004380210814,441.5764,441.5543,441.5984,302,SPY
1700000004381245969,441.4781,441.4561,441.5002,359,SPY
1700000004382390404,441.5717,441.5496,441.5937,66,SPY
1700000004383631923,441.7000,441.6779,441.7221,81,SPY
1700000004385514624,441.5326,441.5105,441.5547,25,SPY
1700000004386293779,441.5286,441.5065,441.5507,189,SPY
1700000004386629483,441.5401,441.5180,441.5622,414,SPY
1700000004386823518,441.6205,441.5984,441.6426,22,SPY
1700000004387127742,441.5937,441.5716,441.6158,40,SPY
1700000004387743703,441.6453,441.6232,441.6674,326,SPY
1700000004388236130,441.9133,441.8912,441.9354,194,SPY
1700000004389243137,441.8751,441.8530,441.8972,449,SPY
1700000004389701510,441.8403,441.8182,441.8624,149,SPY
1700000004390997149,441.7254,441.7033,441.7474,84,SPY
1700000004391190826,441.6848,441.6627,441.7069,152,SPY
1700000004391615895,441.7338,441.7118,441.7559,243,SPY
1700000004392105100,441.6863,441.6642,441.7084,107,SPY
1700000004392313880,441.6153,441.5932,441.6374,236,SPY
1700000004392623223,441.6271,441.6050,441.6492,35,SPY
1700000004394296332,441.5864,441.5643,441.6085,336,SPY
1700000004395175041,441.6395,441.6174,441.6615,54,SPY
1700000004397150416,441.6437,441.6216,441.6657,197,SPY
1700000004397666007,441.6815,441.6594,441.7036,45,SPY
1700000004397952069,441.7747,441.7527,441.7968,68,SPY
1700000004398927811,441.7209,441.6988,441.7430,293,SPY
1700000004399607948,441.6292,441.6071,441.6512,316,SPY
1700000004399930540,441.4328,441.4108,441.4549,408,SPY
1700000004400371811,441.4800,441.4579,441.5021,440,SPY
1700000004402104976,441.3449,441.3228,441.3669,229,SPY
1700000004403681243,441.3331,441.3111,441.3552,222,SPY
1700000004404534563,441.4172,441.3951,441.4393,213,SPY
1700000004405827014,441.2560,441.2339,441.2780,172,SPY
1700000004406681455,441.2466,441.2245,441.2686,215,SPY
1700000004408048444,441.1832,441.1612,441.2053,153,SPY
1700000004409947667,441.2129,441.1908,441.2349,448,SPY
1700000004410973640,441.2351,441.2131,441.2572,117,SPY
1700000004411520353,441.1717,441.1497,441.1938,480,SPY
1700000004412378185,441.0801,441.0580,441.1021,232,SPY
1700000004413833208,441.1156,441.0935,441.1376,222,SPY
1700000004414329126,440.9947,440.9726,441.0167,123,SPY
1700000004415984877,441.1674,441.1453,441.1894,402,SPY
1700000004417911797,441.2107,441.1887,441.2328,450,SPY
1700000004418920111,441.1947,441.1726,441.2167,432,SPY
1700000004419178991,441.1870,441.1649,441.2091,276,SPY
1700000004420197294,440.9960,440.9740,441.0181,500,SPY
1700000004420524600,441.0465,441.0244,441.0685,154,SPY
1700000004421639359,441.0443,441.0222,441.0664,223,SPY
1700000004422711263,441.0698,441.0477,441.0919,399,SPY
1700000004424264600,441.0396,441.0176,441.0617,200,SPY
1700000004424759283,441.1354,441.1133,441.1574,98,SPY
1700000004425153791,441.1304,441.1084,441.1525,496,SPY
1700000004425793381,441.1211,441.0990,441.1431,273,SPY
1700000004426096263,441.1129,441.0909,441.1350,187,SPY
1700000004427651853,441.2068,441.1847,441.2288,93,SPY
1700000004429616018,441.3016,441.2795,441.3236,440,SPY
1700000004429912571,441.4894,441.4673,441.5115,362,SPY
1700000004430713749,441.3347,441.3126,441.3568,411,SPY
1700000004431994227,441.4081,441.3860,441.4301,428,SPY
1700000004432815992,441.3194,441.2973,441.3414,490,SPY
1700000004433311267,441.5062,441.4841,441.5283,225,SPY
1700000004433475723,441.5978,441.5757,441.6199,402,SPY
1700000004433764861,441.5083,441.4862,441.5304,363,SPY
1700000004434569596,441.5301,441.5081,441.5522,360,SPY
1700000004435282980,441.3877,441.3656,441.4098,390,SPY
1700000004436394503,441.5304,441.5083,441.5524,51,SPY
1700000004437341629,441.5757,441.5536,441.5977,312,SPY
1700000004438124312,441.5460,441.5240,441.5681,262,SPY
1700000004439835073,441.6078,441.5858,441.6299,195,SPY
1700000004440741742,441.7032,441.6812,441.7253,379,SPY
1700000004442062498,441.5674,441.5453,441.5895,164,SPY
1700000004442858029,441.4637,441.4416,441.4857,405,SPY
1700000004443152022,441.3730,441.3509,441.3951,452,SPY
1700000004444882700,441.3930,441.3709,441.4150,346,SPY
1700000004445114863,441.4149,441.3928,441.4369,261,SPY
1700000004446100742,441.5531,441.5310,441.5751,296,SPY
1700000004447416137,441.4881,441.4660,441.5102,290,SPY
1700000004447683363,441.4768,441.4547,441.4989,263,SPY
1700000004448142014,441.6103,441.5882,441.6324,363,SPY
1700000004448874777,441.5480,441.5260,441.5701,115,SPY
1700000004449466437,441.5820,441.5599,441.6040,81,SPY
1700000004451203385,441.5115,441.4894,441.5336,453,SPY
1700000004452975165,441.5984,441.5763,441.6205,220,SPY
1700000004454112852,441.6277,441.6056,441.6498,445,SPY
1700000004455796468,441.5815,441.5594,441.6036,139,SPY
1700000004456691303,441.5636,441.5416,441.5857,44,SPY
1700000004457091686,441.4637,441.4416,441.4858,251,SPY
1700000004458907525,441.5104,441.4883,441.5324,433,SPY
1700000004460548469,441.5363,441.5142,441.5583,10,SPY
1700000004461676052,441.5409,441.5189,441.5630,389,SPY
1700000004463144652,441.5722,441.5501,441.5943,254,SPY
1700000004463321615,441.5342,441.5121,441.5562,127,SPY
1700000004465242585,441.5864,441.5644,441.6085,291,SPY
1700000004465380804,441.5374,441.5153,441.5595,116,SPY
1700000004467257205,441.5405,441.5184,441.5626,218,SPY
1700000004468426685,441.4099,441.3878,441.4319,195,SPY
1700000004469978712,441.5669,441.5448,441.5890,346,SPY
1700000004470781268,441.6674,441.6453,441.6895,288,SPY
1700000004471560524,441.6425,441.6204,441.6645,487,SPY
1700000004473144559,441.4820,441.4600,441.5041,304,SPY
1700000004475109298,441.4883,441.4662,441.5104,281,SPY
1700000004476919045,441.4636,441.4415,441.4856,24,SPY
1700000004478273272,441.5286,441.5065,441.5507,187,SPY
1700000004479316373,441.5322,441.5101,441.5543,85,SPY
1700000004481117046,441.5279,441.5058,441.5500,468,SPY
1700000004481720957,441.5771,441.5550,441.5992,442,SPY
1700000004482398195,441.7204,441.6983,441.7425,124,SPY
1700000004484244446,441.5896,441.5675,441.6117,4,SPY
1700000004484832458,441.6150,441.5929,441.6371,93,SPY
1700000004485798641,441.7110,441.6890,441.7331,339,SPY
1700000004486633156,441.6721,441.6501,441.6942,61,SPY
1700000004487177360,441.7129,441.6908,441.7350,169,SPY
1700000004487807356,441.6914,441.6693,441.7135,414,SPY
1700000004489314620,441.5807,441.5586,441.6028,53,SPY
1700000004491300632,441.6126,441.5905,441.6346,42,SPY
1700000004493235688,441.6583,441.6362,441.6804,365,SPY
1700000004493828657,441.4036,441.3816,441.4257,136,SPY
1700000004495735568,441.5662,441.5441,441.5883,133,SPY
1700000004497664311,441.5679,441.5458,441.5899,99,SPY
1700000004498652036,441.6762,441.6541,441.6983,362,SPY
1700000004499890710,441.6596,441.6375,441.6817,205,SPY
1700000004501709559,441.5889,441.5669,441.6110,189,SPY
1700000004503694023,441.7212,441.6991,441.7432,234,SPY
1700000004505255279,441.8250,441.8029,441.8471,279,SPY
1700000004505772666,441.9049,441.8828,441.9270,43,SPY
1700000004506197370,441.8996,441.8776,441.9217,335,SPY
1700000004507085526,441.7916,441.7695,441.8137,226,SPY
1700000004508389031,441.8699,441.8478,441.8920,318,SPY
1700000004510084697,441.9938,441.9717,442.0159,301,SPY
1700000004510313956,442.0013,441.9792,442.0234,241,SPY
1700000004511442085,442.1275,442.1054,442.1496,94,SPY
1700000004512790040,442.1197,442.0976,442.1418,410,SPY
1700000004513575338,442.0620,442.0399,442.0841,422,SPY
1700000004515062839,442.0129,441.9908,442.0350,339,SPY
1700000004516741341,442.1213,442.0992,442.1435,122,SPY
1700000004517873613,442.0693,442.0471,442.0914,292,SPY
1700000004519739380,442.1406,442.1185,442.1627,273,SPY
1700000004521601621,442.0990,442.0769,442.1211,144,SPY
1700000004522741307,442.1173,442.0952,442.1394,21,SPY
1700000004523670168,442.1410,442.1189,442.1631,162,SPY
1700000004525413423,442.0218,441.9997,442.0439,304,SPY
1700000004525632414,442.2431,442.2210,442.2652,209,SPY
1700000004527402674,442.2300,442.2079,442.2521,402,SPY
1700000004528756297,442.3482,442.3261,442.3704,124,SPY
1700000004530419966,442.3062,442.2841,442.3283,295,SPY
1700000004531263149,442.3606,442.3385,442.3827,39,SPY
1700000004532536650,442.3128,442.2907,442.3349,251,SPY
1700000004534079743,442.2488,442.2266,442.2709,334,SPY
1700000004535496729,442.0717,442.0496,442.0938,412,SPY
1700000004536149580,442.0861,442.0640,442.1082,149,SPY
1700000004536372346,441.9543,441.9322,441.9764,218,SPY
1700000004537782348,442.0086,441.9865,442.0307,342,SPY
1700000004537985135,442.0728,442.0507,442.0949,333,SPY
1700000004538368054,442.1936,442.1715,442.2157,222,SPY
1700000004538585549,442.2766,442.2545,442.2988,238,SPY
1700000004538781131,442.3775,442.3554,442.3996,130,SPY
1700000004540701909,442.3064,442.2843,442.3285,463,SPY
1700000004542022198,442.2267,442.2045,442.2488,88,SPY
1700000004542814514,442.2961,442.2740,442.3182,98,SPY
1700000004544398384,442.3417,442.3196,442.3638,258,SPY
1700000004544719805,442.2896,442.2675,442.3117,171,SPY
1700000004545936700,442.1981,442.1760,442.2202,40,SPY
1700000004546226772,442.2194,442.1973,442.2415,213,SPY
1700000004546887401,442.3529,442.3308,442.3751,75,SPY
1700000004547516986,442.3566,442.3345,442.3787,130,SPY
1700000004548332421,442.2867,442.2646,442.3088,201,SPY
1700000004549742817,442.4131,442.3910,442.4353,432,SPY
1700000004550451791,442.4772,442.4551,442.4993,70,SPY
1700000004550655448,442.3409,442.3188,442.3630,111,SPY
1700000004551840778,442.2207,442.1986,442.2428,460,SPY
1700000004552433075,442.2287,442.2066,442.2508,383,SPY
1700000004553181174,442.1715,442.1493,442.1936,156,SPY
1700000004554207312,442.1673,442.1452,442.1894,428,SPY
1700000004554802053,442.0164,441.9943,442.0385,388,SPY
1700000004555393978,441.8723,441.8502,441.8944,374,SPY
1700000004556198006,441.8701,441.8480,441.8922,45,SPY
1700000004557977664,441.8950,441.8729,441.9171,410,SPY
1700000004559128255,441.8335,441.8114,441.8556,100,SPY
1700000004561124904,441.8454,441.8233,441.8675,409,SPY
1700000004562953592,441.6768,441.6547,441.6989,91,SPY
1700000004563489040,441.6753,441.6532,441.6974,219,SPY
1700000004564865848,441.7163,441.6942,441.7384,263,SPY
1700000004565923114,441.7320,441.7099,441.7541,22,SPY
1700000004567046174,441.8347,441.8126,441.8568,397,SPY
1700000004568386514,441.7240,441.7019,441.7461,332,SPY
1700000004569743912,441.7840,441.7619,441.8060,199,SPY
1700000004571002347,441.7782,441.7561,441.8003,401,SPY
1700000004572381906,441.6509,441.6288,441.6730,476,SPY
1700000004573163416,441.7089,441.6869,441.7310,19,SPY
1700000004574260866,441.6226,441.6005,441.6447,429,SPY
1700000004575529679,441.6906,441.6686,441.7127,81,SPY
1700000004576075155,441.6904,441.6683,441.7125,469,SPY
1700000004577131154,441.5951,441.5730,441.6172,276,SPY
1700000004577302849,441.5616,441.5395,441.5837,68,SPY
1700000004578902945,441.4847,441.4627,441.5068,40,SPY
1700000004580134413,441.4521,441.4300,441.4741,297,SPY
1700000004580722532,441.4639,441.4418,441.4860,79,SPY
1700000004582237350,441.2714,441.2493,441.2934,477,SPY
1700000004582954145,441.1221,441.1000,441.1442,161,SPY
1700000004584189470,441.1940,441.1720,441.2161,217,SPY
1700000004584325200,441.1402,441.1181,441.1622,363,SPY
1700000004585199925,441.1118,441.0897,441.1339,452,SPY
1700000004585395928,441.1021,441.0800,441.1241,113,SPY
1700000004585665773,441.0921,441.0700,441.1141,265,SPY
1700000004585896911,441.1303,441.1082,441.1523,359,SPY
1700000004587516390,441.0313,441.0093,441.0534,461,SPY
1700000004588664718,441.0750,441.0529,441.0970,29,SPY
1700000004589753881,440.9576,440.9355,440.9796,266,SPY
1700000004591000372,440.8740,440.8520,440.8960,388,SPY
1700000004591634419,440.9327,440.9107,440.9548,73,SPY
1700000004592492105,440.9010,440.8789,440.9230,355,SPY
1700000004593020078,440.8005,440.7784,440.8225,419,SPY
1700000004593295782,440.6804,440.6584,440.7024,297,SPY
1700000004594507966,440.4686,440.4465,440.4906,391,SPY
1700000004595937538,440.5429,440.5208,440.5649,297,SPY
1700000004597316349,440.5417,440.5197,440.5637,293,SPY
1700000004599170844,440.6721,440.6501,440.6942,48,SPY
1700000004600495395,440.4874,440.4654,440.5095,376,SPY
1700000004601987942,440.5719,440.5498,440.5939,281,SPY
1700000004602509890,440.5946,440.5726,440.6167,258,SPY
1700000004602919989,440.6894,440.6674,440.7115,275,SPY
1700000004603803129,440.7217,440.6997,440.7438,219,SPY
1700000004603944385,440.6669,440.6448,440.6889,237,SPY
1700000004604518855,440.6214,440.5994,440.6434,433,SPY
1700000004605242808,440.7141,440.6921,440.7362,48,SPY
1700000004605994209,440.7153,440.6933,440.7374,302,SPY
1700000004606574762,440.8577,440.8357,440.8797,383,SPY
1700000004607498406,440.8189,440.7969,440.8410,25,SPY
1700000004608970044,440.9791,440.9570,441.0011,477,SPY
1700000004609906360,441.0044,440.9824,441.0265,407,SPY
1700000004610474324,441.0309,441.0089,441.0530,407,SPY
1700000004611033614,440.9719,440.9498,440.9939,384,SPY
1700000004612399280,440.9462,440.9241,440.9682,152,SPY
1700000004613531448,440.9039,440.8818,440.9259,19,SPY
1700000004613861620,440.9154,440.8934,440.9375,305,SPY
1700000004614673646,440.9881,440.9660,441.0101,433,SPY
1700000004616213884,441.0819,441.0598,441.1039,2,SPY
1700000004617799428,441.0989,441.0768,441.1210,309,SPY
1700000004619745785,441.2338,441.2117,441.2559,38,SPY
1700000004621562811,441.0964,441.0744,441.1185,330,SPY
1700000004622285002,441.0018,440.9798,441.0239,64,SPY
1700000004624001801,441.0306,441.0085,441.0526,413,SPY
1700000004625523907,441.0720,441.0500,441.0941,321,SPY
1700000004626783359,441.0942,441.0722,441.1163,263,SPY
1700000004628068095,441.0057,440.9836,441.0277,84,SPY
1700000004628817902,441.0640,441.0420,441.0861,382,SPY
1700000004630080910,440.9169,440.8949,440.9389,186,SPY
1700000004631105678,440.8820,440.8600,440.9041,49,SPY
1700000004633001771,441.0947,441.0727,441.1168,379,SPY
1700000004633454626,441.0261,441.0041,441.0482,84,SPY
1700000004634133512,441.1071,441.0850,441.1292,400,SPY
1700000004634539108,441.0635,441.0414,441.0855,212,SPY
1700000004635365942,440.9403,440.9182,440.9623,226,SPY
1700000004636014092,440.9450,440.9229,440.9670,459,SPY
1700000004636724007,440.9086,440.8865,440.9306,232,SPY
1700000004637524817,440.7993,440.7773,440.8213,458,SPY
1700000004637635355,440.7470,440.7250,440.7690,257,SPY
1700000004639514928,440.8291,440.8071,440.8511,188,SPY
1700000004640434440,440.8743,440.8522,440.8963,483,SPY
1700000004642267199,440.8458,440.8238,440.8679,370,SPY
1700000004642628899,440.7763,440.7543,440.7984,404,SPY
1700000004644209971,440.7303,440.7083,440.7524,448,SPY
1700000004645991239,440.7410,440.7190,440.7630,122,SPY
1700000004646288313,440.7641,440.7421,440.7862,172,SPY
1700000004647404851,440.7984,440.7764,440.8205,356,SPY
1700000004648481088,440.7238,440.7018,440.7459,146,SPY
1700000004648749719,440.7570,440.7349,440.7790,270,SPY
1700000004649306939,440.7569,440.7349,440.7789,308,SPY
1700000004650851444,440.8072,440.7852,440.8293,398,SPY
1700000004652823711,440.6910,440.6690,440.7130,178,SPY
1700000004654575027,440.8082,440.7861,440.8302,28,SPY
1700000004655377555,440.6875,440.6654,440.7095,211,SPY
1700000004656582288,440.7947,440.7726,440.8167,407,SPY
1700000004658150864,440.8678,440.8458,440.8898,124,SPY
1700000004659718045,440.7394,440.7173,440.7614,298,SPY
1700000004660509809,440.8703,440.8482,440.8923,363,SPY
1700000004662491995,440.9192,440.8971,440.9412,461,SPY
1700000004663109870,440.9540,440.9320,440.9761,76,SPY
1700000004664365892,441.0342,441.0122,441.0563,29,SPY
1700000004664685997,441.0970,441.0750,441.1191,202,SPY
1700000004664803144,441.1825,441.1605,441.2046,318,SPY
1700000004666691819,441.2977,441.2756,441.3197,364,SPY
1700000004668171228,441.3652,441.3432,441.3873,59,SPY
1700000004669249183,441.3370,441.3149,441.3590,26,SPY
1700000004669754867,441.3155,441.2934,441.3375,135,SPY
1700000004671373655,441.3977,441.3757,441.4198,291,SPY
1700000004672234398,441.4961,441.4740,441.5182,97,SPY
1700000004673459632,441.4386,441.4166,441.4607,268,SPY
1700000004674802780,441.3519,441.3298,441.3740,63,SPY
1700000004676477067,441.3400,441.3179,441.3621,356,SPY
1700000004676604460,441.4631,441.4410,441.4852,107,SPY
1700000004677104402,441.4568,441.4348,441.4789,44,SPY
1700000004678189041,441.5065,441.4844,441.5286,431,SPY
1700000004679018205,441.6033,441.5812,441.6254,148,SPY
1700000004680891572,441.5637,441.5416,441.5858,92,SPY
1700000004681796596,441.5598,441.5378,441.5819,418,SPY
1700000004682297684,441.5392,441.5171,441.5613,390,SPY
1700000004682798863,441.5094,441.4873,441.5315,440,SPY
1700000004683776048,441.4669,441.4448,441.4890,114,SPY
1700000004684196343,441.5358,441.5138,441.5579,341,SPY
1700000004685689843,441.5486,441.5265,441.5707,122,SPY
1700000004686188666,441.4891,441.4670,441.5112,406,SPY
1700000004687146083,441.2693,441.2473,441.2914,151,SPY
1700000004688933530,441.1728,441.1507,441.1948,270,SPY
1700000004690693147,441.0863,441.0643,441.1084,341,SPY
1700000004691091127,441.0780,441.0559,441.1000,45,SPY
1700000004691433373,441.1359,441.1139,441.1580,120,SPY
1700000004691948641,441.0677,441.0457,441.0898,139,SPY
1700000004692251530,441.0110,440.9890,441.0331,125,SPY
1700000004692518403,441.0892,441.0671,441.1112,373,SPY
1700000004693488418,441.0960,441.0739,441.1180,473,SPY
1700000004694941607,441.0234,441.0013,441.0454,291,SPY
1700000004695334071,440.9406,440.9185,440.9626,307,SPY
1700000004696236064,440.9469,440.9248,440.9689,205,SPY
1700000004698185927,440.7759,440.7539,440.7980,8,SPY
1700000004698435726,440.7096,440.6876,440.7317,69,SPY
1700000004698812503,440.5879,440.5659,440.6099,264,SPY
1700000004700149472,440.6061,440.5840,440.6281,163,SPY
1700000004701305465,440.7988,440.7767,440.8208,403,SPY
1700000004702633490,440.7660,440.7439,440.7880,151,SPY
1700000004703342675,440.7121,440.6901,440.7342,204,SPY
1700000004703773077,440.7414,440.7193,440.7634,67,SPY
1700000004704374926,440.5568,440.5347,440.5788,410,SPY
1700000004704978581,440.5923,440.5703,440.6143,290,SPY
1700000004705597389,440.5820,440.5599,440.6040,342,SPY
1700000004707502070,440.6837,440.6616,440.7057,186,SPY
1700000004708422319,440.7208,440.6987,440.7428,55,SPY
1700000004709979970,440.6889,440.6669,440.7109,415,SPY
1700000004710592455,440.8920,440.8700,440.9141,173,SPY
1700000004712523992,440.9284,440.9064,440.9505,451,SPY
1700000004713918183,440.9472,440.9251,440.9692,134,SPY
1700000004715773353,440.8467,440.8247,440.8688,494,SPY
1700000004717476751,440.8779,440.8559,440.9000,192,SPY
1700000004718508209,440.8489,440.8268,440.8709,323,SPY
1700000004720079357,440.8486,440.8266,440.8706,169,SPY
1700000004721198699,440.7001,440.6780,440.7221,351,SPY
1700000004721934510,440.6789,440.6568,440.7009,43,SPY
1700000004723491776,440.7294,440.7074,440.7515,196,SPY
1700000004725026895,440.6945,440.6725,440.7166,434,SPY
1700000004727021064,440.7037,440.6817,440.7257,182,SPY
1700000004728176856,440.7237,440.7017,440.7458,486,SPY
1700000004729339968,440.6273,440.6053,440.6493,233,SPY
1700000004730909672,440.5846,440.5626,440.6066,128,SPY
1700000004732198206,440.6995,440.6775,440.7215,416,SPY
1700000004733442800,440.6591,440.6371,440.6812,392,SPY
1700000004734155988,440.5756,440.5535,440.5976,188,SPY
1700000004735425902,440.5707,440.5486,440.5927,5,SPY
1700000004736674015,440.5507,440.5287,440.5728,21,SPY
1700000004737188775,440.4856,440.4636,440.5076,406,SPY
1700000004738238860,440.5513,440.5292,440.5733,307,SPY
1700000004739694054,440.5677,440.5457,440.5898,252,SPY
1700000004740246859,440.6620,440.6399,440.6840,64,SPY
1700000004740467530,440.5945,440.5725,440.6166,252,SPY
1700000004742214834,440.7054,440.6834,440.7275,92,SPY
1700000004742426753,440.6336,440.6115,440.6556,130,SPY
1700000004743246517,440.6882,440.6662,440.7103,130,SPY
1700000004744221046,440.7062,440.6841,440.7282,229,SPY
1700000004746113958,440.6950,440.6730,440.7171,69,SPY
1700000004746965334,440.6863,440.6643,440.7083,239,SPY
1700000004747865295,440.5819,440.5598,440.6039,492,SPY
1700000004748052852,440.6001,440.5781,440.6221,367,SPY
1700000004749838352,440.5740,440.5519,440.5960,80,SPY
1700000004750742110,440.5480,440.5260,440.5701,317,SPY
1700000004752211192,440.7051,440.6831,440.7271,220,SPY
1700000004753371444,440.8463,440.8242,440.8683,192,SPY
1700000004754297718,440.7353,440.7132,440.7573,297,SPY
1700000004754516189,440.8269,440.8049,440.8489,236,SPY
1700000004756197628,440.9007,440.8786,440.9227,96,SPY
1700000004757431985,440.9842,440.9622,441.0063,466,SPY
1700000004758699117,441.0920,441.0699,441.1140,88,SPY
1700000004759719067,441.0468,441.0248,441.0689,432,SPY
1700000004760454434,441.1032,441.0811,441.1252,334,SPY
1700000004760661631,440.9634,440.9414,440.9855,482,SPY
1700000004762317712,440.9086,440.8866,440.9306,322,SPY
1700000004764297375,440.8023,440.7803,440.8244,232,SPY
1700000004764860108,440.8413,440.8193,440.8634,252,SPY
1700000004765434226,440.7269,440.7048,440.7489,114,SPY
1700000004767362829,440.7630,440.7410,440.7851,291,SPY
1700000004769204911,440.9425,440.9205,440.9646,497,SPY
1700000004770588762,441.0328,441.0108,441.0549,333,SPY
1700000004771499712,441.0374,441.0153,441.0595,469,SPY
1700000004772003582,441.2497,441.2277,441.2718,353,SPY
1700000004772174877,441.2955,441.2735,441.3176,321,SPY
1700000004773982940,441.3372,441.3152,441.3593,223,SPY
1700000004774479260,441.4256,441.4035,441.4476,202,SPY
1700000004776285753,441.4513,441.4293,441.4734,110,SPY
1700000004777381952,441.5848,441.5627,441.6069,9,SPY
1700000004779013462,441.5158,441.4937,441.5379,212,SPY
1700000004780420234,441.4296,441.4075,441.4517,239,SPY
1700000004781440386,441.3732,441.3512,441.3953,86,SPY
1700000004782759222,441.5346,441.5125,441.5566,316,SPY
1700000004784160271,441.7021,441.6800,441.7241,132,SPY
1700000004785474719,441.6990,441.6769,441.7211,474,SPY
1700000004786013378,441.7215,441.6994,441.7436,470,SPY
1700000004787736728,441.8901,441.8680,441.9122,240,SPY
1700000004788497238,442.1405,442.1184,442.1626,57,SPY
1700000004788999641,442.0554,442.0333,442.0776,359,SPY
1700000004790650633,442.1921,442.1699,442.2142,406,SPY
1700000004792605423,442.1971,442.1750,442.2192,171,SPY
1700000004794461293,442.2068,442.1847,442.2289,369,SPY
1700000004794685861,442.3180,442.2959,442.3401,371,SPY
1700000004796410703,442.3744,442.3523,442.3965,478,SPY
1700000004798199309,442.2441,442.2220,442.2662,244,SPY
1700000004798616844,442.2147,442.1926,442.2368,191,SPY
1700000004798853908,442.2550,442.2329,442.2771,36,SPY
1700000004800625481,442.2757,442.2536,442.2978,225,SPY
1700000004802168642,442.4020,442.3799,442.4241,257,SPY
1700000004802398358,442.4560,442.4338,442.4781,465,SPY
1700000004803161356,442.5360,442.5139,442.5581,345,SPY
1700000004803742638,442.5184,442.4962,442.5405,450,SPY
1700000004805263035,442.6964,442.6743,442.7186,13,SPY
1700000004806669859,442.8710,442.8488,442.8931,21,SPY
1700000004806827120,442.8014,442.7793,442.8236,355,SPY
1700000004808065152,442.6027,442.5806,442.6249,110,SPY
1700000004809411061,442.6171,442.5950,442.6392,463,SPY
1700000004810788596,442.5755,442.5533,442.5976,284,SPY
1700000004811859106,442.6643,442.6421,442.6864,127,SPY
1700000004811967820,442.7310,442.7089,442.7532,247,SPY
1700000004813931112,442.7906,442.7685,442.8127,394,SPY
1700000004815583814,442.7723,442.7501,442.7944,28,SPY
1700000004816361247,442.7166,442.6945,442.7387,292,SPY
1700000004817687165,442.5536,442.5315,442.5757,461,SPY
1700000004819431754,442.5052,442.4830,442.5273,175,SPY
1700000004820358763,442.7003,442.6781,442.7224,144,SPY
1700000004822086246,442.6256,442.6035,442.6477,206,SPY
1700000004823263193,442.4804,442.4583,442.5025,133,SPY
1700000004823936395,442.4141,442.3920,442.4363,485,SPY
1700000004825551074,442.5806,442.5584,442.6027,304,SPY
1700000004827022225,442.5768,442.5547,442.5990,472,SPY
1700000004828046610,442.5217,442.4995,442.5438,432,SPY
1700000004829178346,442.5347,442.5126,442.5568,138,SPY
1700000004829614161,442.5035,442.4813,442.5256,173,SPY
1700000004831185591,442.4563,442.4341,442.4784,152,SPY
1700000004832514486,442.3754,442.3533,442.3976,447,SPY
1700000004833469270,442.4338,442.4117,442.4559,364,SPY
1700000004834289502,442.4693,442.4471,442.4914,382,SPY
1700000004835686795,442.4426,442.4205,442.4648,401,SPY
1700000004837280783,442.5050,442.4828,442.5271,224,SPY
1700000004838095686,442.6005,442.5784,442.6226,223,SPY
1700000004839031501,442.6203,442.5981,442.6424,296,SPY
1700000004840504837,442.4692,442.4470,442.4913,469,SPY
1700000004840846091,442.5585,442.5363,442.5806,351,SPY
1700000004841989781,442.5843,442.5621,442.6064,253,SPY
1700000004842689413,442.5127,442.4906,442.5348,456,SPY
1700000004843842388,442.5863,442.5642,442.6084,271,SPY
1700000004845682407,442.5005,442.4784,442.5226,372,SPY
1700000004846691844,442.4838,442.4617,442.5059,317,SPY
1700000004847171255,442.3961,442.3740,442.4183,124,SPY
1700000004848739894,442.4981,442.4760,442.5203,139,SPY
1700000004849543540,442.5751,442.5529,442.5972,86,SPY
1700000004850621246,442.6350,442.6128,442.6571,458,SPY
1700000004851136661,442.6081,442.5860,442.6303,351,SPY
1700000004852523621,442.5329,442.5108,442.5551,393,SPY
1700000004854053077,442.4526,442.4305,442.4747,188,SPY
1700000004854672158,442.5703,442.5482,442.5924,85,SPY
1700000004855043312,442.5675,442.5453,442.5896,379,SPY
1700000004855170397,442.6438,442.6217,442.6660,312,SPY
1700000004855440426,442.7390,442.7168,442.7611,2,SPY
1700000004855776977,442.6829,442.6608,442.7051,434,SPY
1700000004856467730,442.7082,442.6861,442.7303,414,SPY
1700000004858007733,442.7800,442.7579,442.8022,27,SPY
1700000004859630452,442.8877,442.8655,442.9098,10,SPY
1700000004861323862,442.9375,442.9154,442.9597,336,SPY
1700000004862342340,442.8069,442.7848,442.8291,135,SPY
1700000004862710022,442.6524,442.6302,442.6745,16,SPY
1700000004862896076,442.6649,442.6427,442.6870,227,SPY
1700000004864718710,442.7983,442.7762,442.8205,101,SPY
1700000004866629699,442.7297,442.7076,442.7518,360,SPY
1700000004867735603,442.7228,442.7006,442.7449,63,SPY
1700000004869079367,442.8132,442.7910,442.8353,200,SPY
1700000004870147097,442.7745,442.7524,442.7966,102,SPY
1700000004870390022,442.7460,442.7238,442.7681,340,SPY
1700000004870991729,442.6404,442.6183,442.6626,264,SPY
1700000004872544678,442.6686,442.6465,442.6907,314,SPY
1700000004874333977,442.6637,442.6416,442.6858,352,SPY
1700000004876235444,442.7289,442.7068,442.7510,246,SPY
1700000004876417228,442.8815,442.8593,442.9036,395,SPY
1700000004877108718,442.7958,442.7737,442.8180,415,SPY
1700000004877567482,442.7306,442.7085,442.7528,48,SPY
1700000004877887746,442.6822,442.6600,442.7043,306,SPY
1700000004878564326,442.6762,442.6541,442.6984,492,SPY
1700000004879351526,442.7079,442.6857,442.7300,33,SPY
1700000004880508251,442.6335,442.6114,442.6557,111,SPY
1700000004882461272,442.5996,442.5774,442.6217,157,SPY
1700000004884200511,442.4120,442.3899,442.4342,390,SPY
1700000004885534314,442.3471,442.3250,442.3693,203,SPY
1700000004885751532,442.2709,442.2488,442.2930,61,SPY
1700000004887177174,442.2130,442.1909,442.2351,67,SPY
1700000004889069175,442.1485,442.1264,442.1706,327,SPY
1700000004890031519,442.0305,442.0084,442.0526,77,SPY
1700000004890328750,441.9707,441.9486,441.9928,30,SPY
1700000004892264962,441.9524,441.9303,441.9745,1,SPY
1700000004893939802,441.9434,441.9213,441.9655,397,SPY
1700000004895002498,442.0746,442.0525,442.0967,105,SPY
1700000004896613575,442.1154,442.0933,442.1375,206,SPY
1700000004896993362,442.2243,442.2022,442.2464,325,SPY
1700000004898508454,442.1542,442.1321,442.1764,23,SPY
1700000004900305493,442.2382,442.2161,442.2603,296,SPY
1700000004901181952,442.2207,442.1986,442.2428,195,SPY
1700000004902990929,442.1282,442.1061,442.1503,41,SPY
1700000004903413811,442.0464,442.0242,442.0685,214,SPY
1700000004903700173,441.9847,441.9626,442.0068,444,SPY
1700000004903915010,441.9028,441.8807,441.9249,160,SPY
1700000004905095398,442.0062,441.9841,442.0283,104,SPY
1700000004905574149,442.0498,442.0277,442.0719,285,SPY
1700000004906626933,442.0431,442.0210,442.0652,57,SPY
1700000004906820918,441.9946,441.9725,442.0167,64,SPY
1700000004907429137,442.0147,441.9926,442.0368,184,SPY
1700000004909157125,442.0178,441.9957,442.0399,264,SPY
1700000004910581338,442.0946,442.0725,442.1167,154,SPY
1700000004910713590,442.1306,442.1085,442.1527,18,SPY
1700000004911809926,442.2426,442.2205,442.2647,43,SPY
1700000004913197476,442.1977,442.1756,442.2198,454,SPY
1700000004914490369,442.0479,442.0258,442.0700,293,SPY
1700000004915730862,441.8952,441.8731,441.9173,397,SPY
1700000004916630640,441.9120,441.8899,441.9341,417,SPY
1700000004917933071,441.8904,441.8683,441.9125,235,SPY
1700000004918823867,441.6719,441.6498,441.6940,106,SPY
1700000004920139661,441.6824,441.6603,441.7045,241,SPY
1700000004920928619,441.7399,441.7179,441.7620,423,SPY
1700000004922766243,441.7879,441.7659,441.8100,448,SPY
1700000004924738127,441.8457,441.8236,441.8678,29,SPY
1700000004926578786,441.7365,441.7144,441.7586,77,SPY
1700000004927227272,441.7023,441.6803,441.7244,359,SPY
1700000004927366633,441.7460,441.7239,441.7681,274,SPY
1700000004929150951,441.7752,441.7531,441.7972,495,SPY
1700000004929975729,441.8457,441.8236,441.8678,417,SPY
1700000004931921537,441.7560,441.7340,441.7781,155,SPY
1700000004932463950,441.7736,441.7515,441.7957,171,SPY
1700000004932653742,441.7510,441.7289,441.7731,54,SPY
1700000004934469902,441.7566,441.7345,441.7787,442,SPY
1700000004935640263,441.8288,441.8067,441.8509,148,SPY
1700000004935947450,441.8647,441.8426,441.8868,87,SPY
1700000004937285381,441.8921,441.8700,441.9142,229,SPY
1700000004938766882,442.0554,442.0333,442.0775,139,SPY
1700000004940737131,442.0348,442.0127,442.0570,69,SPY
1700000004941600009,442.0391,442.0170,442.0612,421,SPY
1700000004942823507,441.9961,441.9740,442.0182,65,SPY
1700000004943962294,441.9615,441.9394,441.9836,76,SPY
1700000004945243999,441.9684,441.9463,441.9905,234,SPY
1700000004947094967,442.1099,442.0878,442.1320,317,SPY
1700000004948597414,442.1241,442.1020,442.1462,204,SPY
1700000004950314557,441.9769,441.9548,441.9990,335,SPY
1700000004951977075,441.9837,441.9616,442.0057,465,SPY
1700000004953599025,441.9436,441.9215,441.9657,466,SPY
1700000004955249742,441.9514,441.9293,441.9735,28,SPY
1700000004956767656,441.9304,441.9083,441.9525,445,SPY
1700000004958606699,441.9494,441.9273,441.9715,165,SPY
1700000004958910992,442.1159,442.0938,442.1380,423,SPY
1700000004959572166,442.2507,442.2286,442.2728,125,SPY
1700000004960616170,442.2848,442.2627,442.3069,463,SPY
1700000004961082175,442.2314,442.2092,442.2535,472,SPY
1700000004962205261,442.2409,442.2188,442.2630,102,SPY
1700000004963305500,442.3162,442.2941,442.3383,493,SPY
1700000004964392237,442.5243,442.5021,442.5464,340,SPY
1700000004965304567,442.6397,442.6176,442.6619,197,SPY
1700000004966000522,442.7821,442.7599,442.8042,117,SPY
1700000004967909191,442.7060,442.6839,442.7281,354,SPY
1700000004969210861,442.5955,442.5733,442.6176,353,SPY
1700000004970008142,442.6208,442.5987,442.6430,412,SPY
1700000004971178385,442.5944,442.5723,442.6166,323,SPY
1700000004972101506,442.5759,442.5537,442.5980,176,SPY
1700000004973239902,442.6190,442.5969,442.6411,196,SPY
1700000004973686711,442.5646,442.5425,442.5867,277,SPY
1700000004975083631,442.6064,442.5843,442.6286,463,SPY
1700000004975708316,442.5241,442.5019,442.5462,423,SPY
1700000004976518120,442.3891,442.3669,442.4112,307,SPY
1700000004978112040,442.4281,442.4060,442.4502,454,SPY
1700000004979350003,442.3062,442.2841,442.3283,86,SPY
1700000004980764311,442.3831,442.3610,442.4052,289,SPY
1700000004982763944,442.3361,442.3139,442.3582,20,SPY
1700000004982971361,442.3687,442.3466,442.3908,145,SPY
1700000004983097918,442.5179,442.4958,442.5401,236,SPY
1700000004984496452,442.4368,442.4147,442.4589,102,SPY
1700000004986033842,442.3901,442.3679,442.4122,489,SPY
1700000004986919835,442.5663,442.5442,442.5884,324,SPY
1700000004987834093,442.4361,442.4140,442.4582,414,SPY
1700000004988915675,442.4359,442.4138,442.4581,481,SPY
1700000004989217516,442.4249,442.4028,442.4470,48,SPY
1700000004990418254,442.3035,442.2814,442.3256,78,SPY
1700000004991264576,442.2801,442.2580,442.3022,400,SPY
1700000004992815943,442.3305,442.3084,442.3526,417,SPY
1700000004992987974,442.2870,442.2649,442.3091,381,SPY
1700000004994419454,442.4379,442.4158,442.4601,183,SPY
1700000004994804162,442.3897,442.3676,442.4118,214,SPY
1700000004995650869,442.3666,442.3445,442.3887,311,SPY
1700000004997398343,442.3344,442.3122,442.3565,186,SPY
1700000004997941312,442.2310,442.2089,442.2531,117,SPY
1700000004998553542,442.2794,442.2573,442.3015,479,SPY
1700000004999278234,442.4076,442.3855,442.4298,46,SPY
1700000004999632802,442.2510,442.2288,442.2731,83,SPY
1700000004999911715,442.3141,442.2919,442.3362,346,SPY
1700000005000525704,442.3360,442.3139,442.3581,101,SPY
1700000005000855948,442.5410,442.5189,442.5631,304,SPY
1700000005002097222,442.6482,442.6260,442.6703,60,SPY
1700000005003406543,442.6316,442.6094,442.6537,457,SPY
1700000005003632266,442.7545,442.7324,442.7766,475,SPY
1700000005004386315,442.6940,442.6718,442.7161,299,SPY
1700000005004671937,442.7143,442.6922,442.7364,169,SPY
1700000005005482975,442.7866,442.7644,442.8087,34,SPY
1700000005005990244,442.7360,442.7139,442.7581,161,SPY
1700000005007541749,442.7798,442.7576,442.8019,172,SPY
1700000005007808239,443.0022,442.9801,443.0244,59,SPY
1700000005009747587,442.9588,442.9366,442.9809,463,SPY
1700000005010522889,442.8443,442.8221,442.8664,457,SPY
1700000005012157707,442.8109,442.7888,442.8331,341,SPY
1700000005012954939,442.7365,442.7143,442.7586,240,SPY
1700000005013577000,442.9198,442.8977,442.9420,362,SPY
1700000005013965550,442.9451,442.9229,442.9672,495,SPY
1700000005015455504,442.9277,442.9056,442.9499,235,SPY
1700000005016731359,442.8790,442.8568,442.9011,134,SPY
1700000005017528210,442.7607,442.7386,442.7829,265,SPY
1700000005019211786,442.8476,442.8254,442.8697,179,SPY
1700000005021206043,442.8404,442.8183,442.8626,156,SPY
1700000005021569111,442.7853,442.7632,442.8075,241,SPY
1700000005023091548,442.7943,442.7722,442.8164,269,SPY
1700000005024525949,442.8362,442.8141,442.8583,204,SPY
1700000005025358090,442.9870,442.9649,443.0092,73,SPY
1700000005026592341,443.0043,442.9822,443.0265,335,SPY
1700000005027720923,443.0741,443.0520,443.0963,210,SPY
1700000005028222215,442.8480,442.8259,442.8702,64,SPY
1700000005028577823,442.8012,442.7790,442.8233,261,SPY
1700000005029668557,442.8754,442.8533,442.8976,239,SPY
1700000005030894476,442.8817,442.8595,442.9038,171,SPY
1700000005031487879,443.0699,443.0478,443.0921,381,SPY
1700000005032079339,443.1149,443.0928,443.1371,101,SPY
1700000005033522388,443.1832,443.1610,443.2053,311,SPY
1700000005034752458,443.2217,443.1995,443.2438,318,SPY
1700000005035254094,443.2515,443.2293,443.2736,344,SPY
1700000005036111083,443.2600,443.2379,443.2822,469,SPY
1700000005036812618,443.2820,443.2598,443.3041,285,SPY
1700000005038197549,443.2476,443.2254,443.2697,106,SPY
1700000005039738730,443.1106,443.0885,443.1328,292,SPY
1700000005040509132,443.0310,443.0089,443.0532,195,SPY
1700000005041046116,443.0417,443.0195,443.0638,425,SPY
1700000005042760615,442.9593,442.9371,442.9814,180,SPY
1700000005044496056,442.9807,442.9586,443.0029,482,SPY
1700000005046202126,443.0882,443.0661,443.1104,336,SPY
1700000005046877984,443.0153,442.9931,443.0374,369,SPY
1700000005047586466,442.8807,442.8585,442.9028,205,SPY
1700000005048293245,442.9675,442.9453,442.9896,311,SPY
1700000005049986847,443.0259,443.0038,443.0481,480,SPY
1700000005050351737,442.8684,442.8463,442.8906,391,SPY
1700000005051989061,442.7936,442.7714,442.8157,274,SPY
1700000005053243492,442.8977,442.8755,442.9198,284,SPY
1700000005054995575,442.9183,442.8962,442.9404,315,SPY
1700000005056294382,442.9008,442.8787,442.9230,357,SPY
1700000005056950095,442.9509,442.9287,442.9730,206,SPY
1700000005058918498,443.0577,443.0355,443.0798,217,SPY
1700000005060791804,443.1230,443.1009,443.1452,176,SPY
1700000005061078873,443.1485,443.1263,443.1706,324,SPY
1700000005061395296,443.1687,443.1465,443.1909,184,SPY
1700000005063309986,443.0675,443.0454,443.0897,257,SPY
1700000005064235053,443.0240,443.0019,443.0462,171,SPY
1700000005065659959,443.0399,443.0177,443.0620,261,SPY
1700000005066373377,442.8879,442.8658,442.9100,211,SPY
1700000005068090265,443.0481,443.0260,443.0703,31,SPY
1700000005068506680,443.0424,443.0203,443.0646,39,SPY
1700000005069630144,442.9329,442.9108,442.9551,160,SPY
1700000005069781932,442.9211,442.8989,442.9432,442,SPY
1700000005070422004,442.9156,442.8935,442.9377,109,SPY
1700000005071882450,442.8727,442.8506,442.8949,172,SPY
1700000005073249990,442.8011,442.7790,442.8233,303,SPY
1700000005073867109,442.8150,442.7928,442.8371,446,SPY
1700000005075270255,442.8111,442.7889,442.8332,294,SPY
1700000005076834335,442.8426,442.8205,442.8648,487,SPY
1700000005077960274,442.9135,442.8913,442.9356,412,SPY
1700000005079708802,442.9782,442.9561,443.0004,226,SPY
1700000005080363525,442.7813,442.7591,442.8034,8,SPY
1700000005081908000,442.8324,442.8102,442.8545,217,SPY
1700000005083633657,442.8494,442.8273,442.8716,95,SPY
1700000005085513295,442.7471,442.7250,442.7693,331,SPY
1700000005086455336,442.6147,442.5926,442.6369,434,SPY
1700000005088187261,442.6788,442.6567,442.7009,220,SPY
1700000005088823744,442.6619,442.6397,442.6840,119,SPY
1700000005089279629,442.5712,442.5490,442.5933,62,SPY
1700000005090228646,442.5104,442.4882,442.5325,298,SPY
1700000005091733410,442.5910,442.5689,442.6132,410,SPY
1700000005093619172,442.3227,442.3006,442.3448,13,SPY
1700000005094458374,442.4237,442.4016,442.4459,464,SPY
1700000005094863140,442.3014,442.2793,442.3235,45,SPY
1700000005095804772,442.3636,442.3415,442.3858,166,SPY
1700000005096631155,442.3667,442.3446,442.3888,288,SPY
1700000005097408409,442.3567,442.3346,442.3789,196,SPY
1700000005097721741,442.3984,442.3763,442.4205,219,SPY
1700000005098604150,442.5037,442.4816,442.5259,282,SPY
1700000005099161234,442.6282,442.6061,442.6503,173,SPY
1700000005100404494,442.6982,442.6761,442.7204,106,SPY
1700000005101001360,442.7323,442.7101,442.7544,291,SPY
1700000005101496946,442.8347,442.8125,442.8568,221,SPY
1700000005102392635,442.8083,442.7862,442.8305,97,SPY
1700000005102554288,442.8489,442.8268,442.8711,317,SPY
1700000005103402940,443.0062,442.9840,443.0283,430,SPY
1700000005103837595,442.9224,442.9003,442.9446,456,SPY
1700000005105497842,443.0709,443.0488,443.0931,195,SPY
1700000005106972439,442.9534,442.9313,442.9756,305,SPY
1700000005107216421,442.9151,442.8929,442.9372,387,SPY
1700000005107562738,442.9355,442.9134,442.9577,421,SPY
1700000005108689884,443.0227,443.0005,443.0448,304,SPY
1700000005110373028,442.8766,442.8545,442.8988,190,SPY
1700000005111245127,442.9966,442.9745,443.0188,471,SPY
1700000005111767480,443.0353,443.0132,443.0575,42,SPY
1700000005113692593,443.1687,443.1465,443.1909,142,SPY
1700000005115154926,443.1496,443.1275,443.1718,230,SPY
1700000005116209632,443.2833,443.2611,443.3054,27,SPY
1700000005118029031,443.3014,443.2792,443.3236,146,SPY
1700000005118425151,443.3763,443.3541,443.3985,21,SPY
1700000005120320988,443.3556,443.3334,443.3778,338,SPY
1700000005121880386,443.3671,443.3449,443.3893,23,SPY
1700000005122089496,443.4574,443.4352,443.4796,35,SPY
1700000005123398237,443.4001,443.3780,443.4223,447,SPY
1700000005123835344,443.3977,443.3756,443.4199,143,SPY
1700000005124966731,443.4347,443.4125,443.4568,360,SPY
1700000005126847850,443.2891,443.2670,443.3113,216,SPY
1700000005128433873,443.2078,443.1857,443.2300,443,SPY
1700000005130331337,442.9744,442.9522,442.9965,243,SPY
1700000005131263062,443.0058,442.9836,443.0279,227,SPY
1700000005131391054,443.1035,443.0814,443.1257,283,SPY
1700000005133200407,443.0253,443.0031,443.0474,406,SPY
1700000005134408737,442.9536,442.9314,442.9757,106,SPY
1700000005135804223,442.9182,442.8960,442.9403,84,SPY
1700000005136911490,442.7703,442.7482,442.7925,371,SPY
1700000005138708238,442.7939,442.7718,442.8161,71,SPY
1700000005139395756,442.8694,442.8473,442.8916,476,SPY
1700000005140724405,442.7765,442.7543,442.7986,384,SPY
1700000005142631180,442.6824,442.6603,442.7045,456,SPY
1700000005144602466,442.6666,442.6444,442.6887,124,SPY
1700000005145767925,442.7100,442.6879,442.7321,374,SPY
1700000005147453995,442.7501,442.7280,442.7723,30,SPY
1700000005148771363,442.7833,442.7612,442.8055,392,SPY
1700000005149293170,442.7878,442.7656,442.8099,454,SPY
1700000005151026510,442.6230,442.6009,442.6452,289,SPY
1700000005152293429,442.6464,442.6242,442.6685,279,SPY
1700000005152513092,442.7705,442.7484,442.7927,492,SPY
1700000005153973228,442.7364,442.7142,442.7585,455,SPY
1700000005155355716,442.7461,442.7240,442.7682,103,SPY
1700000005155919626,442.6321,442.6100,442.6542,15,SPY
1700000005156595134,442.5167,442.4946,442.5388,20,SPY
1700000005158375615,442.6081,442.5860,442.6303,432,SPY
1700000005159288058,442.6067,442.5846,442.6288,392,SPY
1700000005159473342,442.6652,442.6431,442.6874,307,SPY
1700000005160508412,442.5395,442.5173,442.5616,382,SPY
1700000005161995594,442.5073,442.4852,442.5294,97,SPY
1700000005162188798,442.5813,442.5591,442.6034,377,SPY
1700000005162596791,442.6857,442.6636,442.7079,473,SPY
1700000005164362496,442.7499,442.7277,442.7720,263,SPY
1700000005165842599,442.7990,442.7769,442.8212,479,SPY
1700000005167351030,442.7935,442.7714,442.8157,176,SPY
1700000005168038834,442.8102,442.7880,442.8323,431,SPY
1700000005168370054,442.8339,442.8117,442.8560,444,SPY
1700000005169386892,442.8744,442.8522,442.8965,149,SPY
1700000005170665025,442.9339,442.9118,442.9561,86,SPY
1700000005170998580,442.8416,442.8195,442.8638,417,SPY
1700000005171787044,442.8251,442.8030,442.8473,105,SPY
1700000005172974596,442.8242,442.8021,442.8464,203,SPY
1700000005173324443,442.8743,442.8522,442.8965,208,SPY
1700000005174862517,442.9161,442.8940,442.9383,445,SPY
1700000005176438377,443.0603,443.0381,443.0824,444,SPY
1700000005177881058,442.8969,442.8748,442.9191,225,SPY
1700000005178005132,442.8791,442.8570,442.9013,300,SPY
1700000005179095119,442.9288,442.9066,442.9509,117,SPY
1700000005179276389,443.0542,443.0321,443.0764,237,SPY
1700000005180326395,442.9506,442.9284,442.9727,405,SPY
1700000005180467775,442.9109,442.8888,442.9331,253,SPY
1700000005182257131,442.8799,442.8578,442.9020,130,SPY
1700000005183907107,442.8656,442.8434,442.8877,206,SPY
1700000005185070414,442.8761,442.8540,442.8983,486,SPY
1700000005186356671,442.7601,442.7379,442.7822,87,SPY
1700000005188198244,442.8369,442.8147,442.8590,300,SPY
1700000005189197014,442.9074,442.8853,442.9296,194,SPY
1700000005190308503,442.8419,442.8198,442.8640,11,SPY
1700000005190841477,442.9404,442.9183,442.9626,275,SPY
1700000005192643962,442.8744,442.8522,442.8965,328,SPY
1700000005194592473,442.7602,442.7380,442.7823,410,SPY
1700000005196457211,442.7424,442.7203,442.7646,125,SPY
1700000005196752120,442.7749,442.7528,442.7971,204,SPY
1700000005198065569,442.7565,442.7343,442.7786,404,SPY
1700000005198913646,442.7580,442.7358,442.7801,184,SPY
1700000005199878517,442.7833,442.7611,442.8054,381,SPY
1700000005200188522,442.7901,442.7680,442.8123,383,SPY
1700000005202047270,442.9341,442.9120,442.9563,271,SPY
1700000005203497645,443.0436,443.0214,443.0657,460,SPY
1700000005205170739,443.1795,443.1574,443.2017,286,SPY
1700000005205980913,443.1562,443.1340,443.1783,479,SPY
1700000005206082174,443.0345,443.0124,443.0567,82,SPY
1700000005207343090,443.1186,443.0965,443.1408,52,SPY
1700000005207976081,443.1711,443.1490,443.1933,369,SPY
1700000005209802733,443.1231,443.1010,443.1453,131,SPY
1700000005211020568,443.0930,443.0708,443.1151,149,SPY
1700000005212679630,443.0848,443.0627,443.1070,315,SPY
1700000005213340373,442.9718,442.9497,442.9940,282,SPY
1700000005214162268,443.0521,443.0299,443.0742,212,SPY
1700000005215745962,443.0176,442.9954,443.0397,359,SPY
1700000005217288238,442.9013,442.8791,442.9234,286,SPY
1700000005218580039,443.0260,443.0039,443.0482,463,SPY
1700000005218810875,443.0773,443.0552,443.0995,321,SPY
1700000005219656098,443.1613,443.1392,443.1835,297,SPY
1700000005221213179,443.2249,443.2027,443.2470,441,SPY
1700000005223156957,443.2370,443.2148,443.2591,55,SPY
1700000005224750965,443.2945,443.2723,443.3167,211,SPY
1700000005225622268,443.3636,443.3415,443.3858,288,SPY
1700000005225885215,443.2382,443.2161,443.2604,490,SPY
1700000005226441061,443.3368,443.3147,443.3590,300,SPY
1700000005228014240,443.3630,443.3408,443.3851,237,SPY
1700000005228665284,443.4244,443.4023,443.4466,330,SPY
1700000005228927502,443.4514,443.4292,443.4736,23,SPY
1700000005229487788,443.3988,443.3766,443.4209,125,SPY
1700000005229714628,443.2343,443.2122,443.2565,222,SPY
1700000005230564213,443.2255,443.2034,443.2477,122,SPY
1700000005232368712,443.2790,443.2569,443.3012,393,SPY
1700000005232493428,443.2952,443.2731,443.3174,459,SPY
1700000005234232312,443.1953,443.1732,443.2175,363,SPY
1700000005234776988,443.1587,443.1365,443.1808,334,SPY
1700000005236477670,443.1752,443.1530,443.1973,60,SPY
1700000005237215752,443.2155,443.1933,443.2377,103,SPY
1700000005239055411,443.1592,443.1371,443.1814,466,SPY
1700000005240127562,443.2573,443.2352,443.2795,270,SPY
1700000005241531207,443.2940,443.2718,443.3162,272,SPY
1700000005242699957,443.2490,443.2269,443.2712,446,SPY
1700000005243818862,443.4778,443.4557,443.5000,268,SPY
1700000005245457433,443.5856,443.5634,443.6078,74,SPY
1700000005246043278,443.4550,443.4328,443.4772,17,SPY
1700000005247670787,443.5900,443.5679,443.6122,203,SPY
1700000005248706823,443.5333,443.5111,443.5555,382,SPY
1700000005249542082,443.3619,443.3398,443.3841,313,SPY
1700000005251150370,443.3405,443.3183,443.3626,420,SPY
1700000005252672825,443.3460,443.3238,443.3681,330,SPY
1700000005253813169,443.2551,443.2329,443.2772,247,SPY
1700000005255255413,443.2654,443.2433,443.2876,133,SPY
1700000005257188342,443.3194,443.2972,443.3416,332,SPY
1700000005257894896,443.2580,443.2358,443.2801,320,SPY
1700000005259675542,443.2750,443.2529,443.2972,100,SPY
1700000005261018335,443.3745,443.3523,443.3967,140,SPY
1700000005261808616,443.3485,443.3264,443.3707,420,SPY
1700000005263450760,443.3483,443.3261,443.3704,167,SPY
1700000005265176608,443.4035,443.3814,443.4257,403,SPY
1700000005265838608,443.4314,443.4092,443.4535,415,SPY
1700000005266864292,443.5341,443.5120,443.5563,278,SPY
1700000005267747069,443.5918,443.5696,443.6140,366,SPY
1700000005268872011,443.4677,443.4456,443.4899,383,SPY
1700000005270232503,443.5063,443.4841,443.5285,380,SPY
1700000005271559104,443.5720,443.5498,443.5941,266,SPY
1700000005272961130,443.5934,443.5712,443.6156,487,SPY
1700000005274689823,443.6113,443.5891,443.6334,378,SPY
1700000005275658231,443.4614,443.4392,443.4836,113,SPY
1700000005276207897,443.3868,443.3646,443.4090,31,SPY
1700000005277450410,443.2748,443.2526,443.2969,36,SPY
1700000005278661470,443.5230,443.5008,443.5451,144,SPY
1700000005280173595,443.4043,443.3821,443.4265,139,SPY
1700000005281470531,443.5335,443.5114,443.5557,449,SPY
1700000005282631383,443.4035,443.3813,443.4257,182,SPY
1700000005283607693,443.4536,443.4315,443.4758,497,SPY
1700000005285487032,443.5483,443.5261,443.5705,435,SPY
1700000005286145303,443.5828,443.5607,443.6050,140,SPY
1700000005287225245,443.5831,443.5609,443.6053,93,SPY
1700000005289193147,443.6961,443.6739,443.7183,175,SPY
1700000005289581170,443.7182,443.6960,443.7404,499,SPY
1700000005290515858,443.8061,443.7839,443.8283,34,SPY
1700000005290831484,443.8240,443.8018,443.8462,70,SPY
1700000005291861001,443.6648,443.6426,443.6870,448,SPY
1700000005292352752,443.6031,443.5809,443.6253,437,SPY
1700000005293526537,443.5243,443.5021,443.5465,21,SPY
1700000005294375001,443.4967,443.4745,443.5188,120,SPY
1700000005296246842,443.3895,443.3673,443.4117,367,SPY
1700000005296635281,443.3219,443.2998,443.3441,194,SPY
1700000005297078613,443.4044,443.3823,443.4266,394,SPY
1700000005298010768,443.5161,443.4940,443.5383,487,SPY
1700000005298835532,443.6560,443.6338,443.6782,241,SPY
1700000005299276600,443.8298,443.8076,443.8520,349,SPY
1700000005299914423,443.7990,443.7768,443.8211,477,SPY
1700000005301893413,443.8435,443.8213,443.8657,159,SPY
1700000005302191341,443.8462,443.8240,443.8684,24,SPY
1700000005302508263,443.9183,443.8961,443.9404,354,SPY
1700000005302971962,443.8907,443.8686,443.9129,422,SPY
